timestamp,domain,dns_server,record_type,answers,error_code,error_reason
2024-11-14T21:24:12.488758,archive-it.org,195.208.5.1,A,['128.242.245.253'],,
2024-11-14T21:24:12.488758,arcpublishing.com,208.67.220.220,A,"['13.35.186.109', '13.35.186.7', '13.35.186.56', '13.35.186.102']",,
2024-11-14T21:24:12.489690,argentina.gob.ar,208.67.222.222,A,"['172.67.75.35', '104.26.4.183', '104.26.5.183']",,
2024-11-14T21:24:12.489690,arduino.cc,218.30.118.6,A,"['108.157.254.55', '108.157.254.54', '108.157.254.61', '108.157.254.92']",,
2024-11-14T21:24:12.489690,archlinux.org,101.226.4.6,A,['95.217.163.246'],,
2024-11-14T21:24:12.489690,archlinux.org,94.140.15.15,A,['95.217.163.246'],,
2024-11-14T21:24:12.489690,arcpublishing.com,208.67.222.222,A,"['13.35.186.109', '13.35.186.7', '13.35.186.56', '13.35.186.102']",,
2024-11-14T21:24:12.489690,archives.gov,2402:4e00::,AAAA,"['2600:1f18:43e8:f301:9046:c05f:75e7:c481', '2600:1f18:43e8:f302:b470:d266:4d03:3ed8']",,
2024-11-14T21:24:12.489690,archives.gov,2400:3200::1,AAAA,"['2600:1f18:43e8:f301:9046:c05f:75e7:c481', '2600:1f18:43e8:f302:b470:d266:4d03:3ed8']",,
2024-11-14T21:24:12.489690,argentina.gob.ar,195.208.4.1,A,"['188.114.99.224', '188.114.98.224']",,
2024-11-14T21:24:12.489690,archive-it.org,195.208.4.1,A,['108.160.167.148'],,
2024-11-14T21:24:12.489690,arduino.cc,119.29.29.29,A,"['108.157.254.61', '108.157.254.92', '108.157.254.55', '108.157.254.54']",,
2024-11-14T21:24:12.489690,archive-digger.com,117.50.11.11,A,[],Timeout,Timeout occurred for domain: archive-digger.com on server: 117.50.11.11
2024-11-14T21:24:12.489690,archives.gov,2400:3200:baba::1,AAAA,"['2600:1f18:43e8:f301:9046:c05f:75e7:c481', '2600:1f18:43e8:f302:b470:d266:4d03:3ed8']",,
2024-11-14T21:24:12.489690,arduino.cc,202.96.128.86,A,[],Timeout,Timeout occurred for domain: arduino.cc on server: 202.96.128.86
2024-11-14T21:24:12.489690,archlinux.org,223.5.5.5,A,['95.217.163.246'],,
2024-11-14T21:24:12.489690,archives.gov,2400:da00::6666,AAAA,[],Timeout,Timeout occurred for domain: archives.gov on server: 2400:da00::6666
2024-11-14T21:24:12.489690,archive-it.org,9.9.9.9,A,[],Timeout,Timeout occurred for domain: archive-it.org on server: 9.9.9.9
2024-11-14T21:24:12.489690,arduino.cc,180.76.76.76,A,"['54.230.71.29', '54.230.71.38', '54.230.71.69', '54.230.71.111']",,
2024-11-14T21:24:12.489690,archive-it.org,208.67.222.220,A,['75.126.164.178'],,
2024-11-14T21:24:12.489690,archlinux.org,114.114.114.114,A,['95.217.163.246'],,
2024-11-14T21:24:12.489690,arduino.cc,210.21.196.6,A,[],Timeout,Timeout occurred for domain: arduino.cc on server: 210.21.196.6
2024-11-14T21:24:12.489690,archlinux.org,114.114.115.115,A,['95.217.163.246'],,
2024-11-14T21:24:12.489690,arduino.cc,223.5.5.5,A,"['18.238.238.4', '18.238.238.12', '18.238.238.86', '18.238.238.115']",,
2024-11-14T21:24:12.489690,argentina.gob.ar,202.96.128.86,A,[],Timeout,Timeout occurred for domain: argentina.gob.ar on server: 202.96.128.86
2024-11-14T21:24:12.489690,archives.gov,2a10:50c0::ad1:ff,AAAA,"['2600:1f18:43e8:f302:b470:d266:4d03:3ed8', '2600:1f18:43e8:f301:9046:c05f:75e7:c481']",,
2024-11-14T21:24:12.489690,arduino.cc,223.6.6.6,A,"['18.238.238.12', '18.238.238.115', '18.238.238.4', '18.238.238.86']",,
2024-11-14T21:24:12.489690,argentina.gob.ar,223.5.5.5,A,"['104.26.5.183', '104.26.4.183', '172.67.75.35']",,
2024-11-14T21:24:12.489690,archlinux.org,101.226.4.7,A,[],Timeout,Timeout occurred for domain: archlinux.org on server: 101.226.4.7
2024-11-14T21:24:12.489690,archlinux.org,2620:0:ccc::2,AAAA,['2a01:4f9:c010:6b1f::1'],,
2024-11-14T21:24:12.489690,archive-it.org,94.140.14.14,A,['103.240.180.117'],,
2024-11-14T21:24:12.489690,archlinux.org,123.125.81.6,A,['95.217.163.246'],,
2024-11-14T21:24:12.489690,archives.gov,2a10:50c0::ad2:ff,AAAA,"['2600:1f18:43e8:f302:b470:d266:4d03:3ed8', '2600:1f18:43e8:f301:9046:c05f:75e7:c481']",,
2024-11-14T21:24:12.490691,arenaplus.net,8.8.4.4,A,"['104.18.36.57', '172.64.151.199']",,
2024-11-14T21:24:12.490691,argentina.gob.ar,223.6.6.6,A,"['104.26.4.183', '172.67.75.35', '104.26.5.183']",,
2024-11-14T21:24:12.490691,argentina.gob.ar,210.21.196.6,A,[],Timeout,Timeout occurred for domain: argentina.gob.ar on server: 210.21.196.6
2024-11-14T21:24:12.490691,archlinux.org,2620:0:ccd::2,AAAA,['2a01:4f9:c010:6b1f::1'],,
2024-11-14T21:24:12.490691,archive-it.org,62.76.76.62,A,['173.252.105.21'],,
2024-11-14T21:24:12.490691,archlinux.org,117.50.11.11,A,['95.217.163.246'],,
2024-11-14T21:24:12.490691,archive-it.org,62.76.62.76,A,['23.234.30.58'],,
2024-11-14T21:24:12.490691,archlinux.org,2001:4860:4860::8844,AAAA,['2a01:4f9:c010:6b1f::1'],,
2024-11-14T21:24:12.490691,archlinux.org,211.136.17.107,A,['95.217.163.246'],,
2024-11-14T21:24:12.490691,archive-it.org,77.88.8.8,A,['108.160.165.189'],,
2024-11-14T21:24:12.490691,arenaplus.net,8.8.8.8,A,"['172.64.151.199', '104.18.36.57']",,
2024-11-14T21:24:12.490691,argentina.gob.ar,180.76.76.76,A,"['104.26.4.183', '104.26.5.183', '172.67.75.35']",,
2024-11-14T21:24:12.490691,argentina.gob.ar,119.29.29.29,A,"['172.67.75.35', '104.26.5.183', '104.26.4.183']",,
2024-11-14T21:24:12.490691,argentina.gob.ar,114.114.115.115,A,"['172.67.75.35', '104.26.4.183', '104.26.5.183']",,
2024-11-14T21:24:12.490691,archlinux.org,2606:4700:4700::1111,AAAA,['2a01:4f9:c010:6b1f::1'],,
2024-11-14T21:24:12.490691,archive-it.org,77.88.8.1,A,['118.107.180.216'],,
2024-11-14T21:24:12.490691,arduino.cc,114.114.115.115,A,"['108.157.254.92', '108.157.254.61', '108.157.254.55']",,
2024-11-14T21:24:12.490691,argentina.gob.ar,114.114.114.114,A,"['104.26.4.183', '172.67.75.35', '104.26.5.183']",,
2024-11-14T21:24:12.490691,argentina.gob.ar,208.67.220.220,A,"['172.67.75.35', '104.26.4.183', '104.26.5.183']",,
2024-11-14T21:24:12.490691,archlinux.org,218.30.118.6,A,['95.217.163.246'],,
2024-11-14T21:24:12.490691,archive-it.org,208.67.222.222,A,['198.44.185.131'],,
2024-11-14T21:24:12.490691,archlinux.org,2a0c:a9c7:8::1,AAAA,['2a01:4f9:c010:6b1f::1'],,
2024-11-14T21:24:12.490691,arduino.cc,94.140.15.15,A,"['54.230.61.57', '54.230.61.18', '54.230.61.17', '54.230.61.64']",,
2024-11-14T21:24:12.490691,arduino.cc,114.114.114.114,A,"['108.157.254.92', '108.157.254.61', '108.157.254.55']",,
2024-11-14T21:24:12.490691,archive-it.org,208.67.220.222,A,['108.160.167.148'],,
2024-11-14T21:24:12.490691,archlinux.org,2620:119:53::53,AAAA,['2a01:4f9:c010:6b1f::1'],,
2024-11-14T21:24:12.490691,archlinux.org,8.8.4.4,A,['95.217.163.246'],,
2024-11-14T21:24:12.490691,arduino.cc,208.67.220.222,A,"['54.230.71.69', '54.230.71.111', '54.230.71.29', '54.230.71.38']",,
2024-11-14T21:24:12.490691,archlinux.org,2606:4700:4700::1001,AAAA,['2a01:4f9:c010:6b1f::1'],,
2024-11-14T21:24:12.490691,archlinux.org,119.29.29.29,A,['95.217.163.246'],,
2024-11-14T21:24:12.490691,archive-digger.com,211.136.17.107,A,['13.107.246.46'],,
2024-11-14T21:24:12.490691,archlinux.org,2001:4860:4860::8888,AAAA,['2a01:4f9:c010:6b1f::1'],,
2024-11-14T21:24:12.490691,archlinux.org,180.76.76.76,A,['95.217.163.246'],,
2024-11-14T21:24:12.490691,archlinux.org,1.0.0.1,A,['95.217.163.246'],,
2024-11-14T21:24:12.490691,argentina.gob.ar,208.67.220.222,A,"['172.67.75.35', '104.26.4.183', '104.26.5.183']",,
2024-11-14T21:24:12.491688,archlinux.org,2001:6d0:d6::2001,AAAA,['2a01:4f9:c010:6b1f::1'],,
2024-11-14T21:24:12.491688,archive-it.org,9.9.9.10,A,['31.13.91.33'],,
2024-11-14T21:24:12.491688,archlinux.org,77.88.8.8,A,['95.217.163.246'],,
2024-11-14T21:24:12.491688,arcpublishing.com,9.9.9.10,A,"['18.172.112.20', '18.172.112.62', '18.172.112.104', '18.172.112.81']",,
2024-11-14T21:24:12.491688,arduino.cc,208.67.220.220,A,"['54.230.71.38', '54.230.71.69', '54.230.71.111', '54.230.71.29']",,
2024-11-14T21:24:12.491688,argentina.gob.ar,94.140.14.14,A,"['172.67.75.35', '104.26.5.183', '104.26.4.183']",,
2024-11-14T21:24:12.491688,archive-it.org,2.56.220.2,A,['128.242.250.155'],,
2024-11-14T21:24:12.491688,archlinux.org,62.76.76.62,A,['95.217.163.246'],,
2024-11-14T21:24:12.491688,argentina.gob.ar,95.85.95.85,A,"['172.67.75.35', '104.26.4.183', '104.26.5.183']",,
2024-11-14T21:24:12.491688,arduino.cc,208.67.222.220,A,"['54.230.71.69', '54.230.71.111', '54.230.71.29', '54.230.71.38']",,
2024-11-14T21:24:12.491688,arcpublishing.com,195.208.5.1,A,"['3.164.206.34', '3.164.206.100', '3.164.206.88', '3.164.206.94']",,
2024-11-14T21:24:12.491688,argentina.gob.ar,62.76.62.76,A,"['188.114.99.235', '188.114.98.235']",,
2024-11-14T21:24:12.492685,archive-digger.com,123.125.81.6,A,['13.107.246.59'],,
2024-11-14T21:24:12.492685,archlinux.org,195.208.4.1,A,['95.217.163.246'],,
2024-11-14T21:24:12.492685,archlinux.org,223.6.6.6,A,['95.217.163.246'],,
2024-11-14T21:24:12.492685,arenaplus.net,77.88.8.1,A,"['188.114.98.229', '188.114.99.229']",,
2024-11-14T21:24:12.492685,argentina.gob.ar,208.67.222.220,A,"['104.26.5.183', '172.67.75.35', '104.26.4.183']",,
2024-11-14T21:24:12.492685,archive-it.org,1.0.0.1,A,['208.101.21.43'],,
2024-11-14T21:24:12.492685,archlinux.org,77.88.8.1,A,['95.217.163.246'],,
2024-11-14T21:24:12.492685,arcpublishing.com,62.76.62.76,A,"['108.157.214.66', '108.157.214.30', '108.157.214.40', '108.157.214.6']",,
2024-11-14T21:24:12.492685,arenaplus.net,62.76.76.62,A,"['188.114.98.224', '188.114.99.224']",,
2024-11-14T21:24:12.492685,argentina.gob.ar,62.76.76.62,A,"['188.114.99.229', '188.114.98.229']",,
2024-11-14T21:24:12.492685,archlinux.org,2a03:90c0:999d::1,AAAA,['2a01:4f9:c010:6b1f::1'],,
2024-11-14T21:24:12.492685,archive-it.org,95.85.95.85,A,['31.13.106.4'],,
2024-11-14T21:24:12.492685,archlinux.org,62.76.62.76,A,['95.217.163.246'],,
2024-11-14T21:24:12.492685,arcpublishing.com,195.208.4.1,A,"['3.164.206.88', '3.164.206.34', '3.164.206.100', '3.164.206.94']",,
2024-11-14T21:24:12.492685,argentina.gob.ar,94.140.15.15,A,"['172.67.75.35', '104.26.5.183', '104.26.4.183']",,
2024-11-14T21:24:12.492685,arduino.cc,94.140.14.14,A,"['54.230.61.64', '54.230.61.57', '54.230.61.18', '54.230.61.17']",,
2024-11-14T21:24:12.492685,archive-it.org,8.8.4.4,A,['103.73.161.52'],,
2024-11-14T21:24:12.492685,archlinux.org,94.140.14.14,A,['95.217.163.246'],,
2024-11-14T21:24:12.492685,archlinux.org,2a03:90c0:9992::1,AAAA,['2a01:4f9:c010:6b1f::1'],,
2024-11-14T21:24:12.492685,arenaplus.net,77.88.8.8,A,"['188.114.98.229', '188.114.99.229']",,
2024-11-14T21:24:12.492685,arcpublishing.com,77.88.8.1,A,"['3.164.206.100', '3.164.206.34', '3.164.206.94', '3.164.206.88']",,
2024-11-14T21:24:12.492685,argentina.gob.ar,1.0.0.1,A,"['104.26.5.183', '104.26.4.183', '172.67.75.35']",,
2024-11-14T21:24:12.492685,archive-it.org,1.1.1.1,A,['184.173.136.86'],,
2024-11-14T21:24:12.492685,archlinux.org,2620:fe::10,AAAA,['2a01:4f9:c010:6b1f::1'],,
2024-11-14T21:24:12.492685,archlinux.org,195.208.5.1,A,['95.217.163.246'],,
2024-11-14T21:24:12.492685,arcpublishing.com,62.76.76.62,A,"['3.164.206.100', '3.164.206.34', '3.164.206.88', '3.164.206.94']",,
2024-11-14T21:24:12.492685,arduino.cc,117.50.11.11,A,"['108.157.254.55', '108.157.254.61', '108.157.254.92', '108.157.254.54']",,
2024-11-14T21:24:12.492685,archlinux.org,2620:119:35::35,AAAA,['2a01:4f9:c010:6b1f::1'],,
2024-11-14T21:24:12.492685,argentina.gob.ar,77.88.8.1,A,"['188.114.99.229', '188.114.98.229']",,
2024-11-14T21:24:12.492685,archlinux.org,2001:6d0:6d0::2001,AAAA,['2a01:4f9:c010:6b1f::1'],,
2024-11-14T21:24:12.492685,archive-digger.com,123.125.81.7,A,[],Timeout,Timeout occurred for domain: archive-digger.com on server: 123.125.81.7
2024-11-14T21:24:12.492685,arcpublishing.com,77.88.8.8,A,"['108.157.214.66', '108.157.214.40', '108.157.214.30', '108.157.214.6']",,
2024-11-14T21:24:12.492685,argentina.gob.ar,8.8.4.4,A,"['104.26.4.183', '172.67.75.35', '104.26.5.183']",,
2024-11-14T21:24:12.492685,archlinux.org,2a02:6b8::feed:0ff,AAAA,['2a01:4f9:c010:6b1f::1'],,
2024-11-14T21:24:12.493688,archive-it.org,8.8.8.8,A,['31.13.87.34'],,
2024-11-14T21:24:12.493688,archlinux.org,208.67.220.222,A,['95.217.163.246'],,
2024-11-14T21:24:12.493688,archlinux.org,202.96.128.86,A,[],Timeout,Timeout occurred for domain: archlinux.org on server: 202.96.128.86
2024-11-14T21:24:12.493688,archlinux.org,210.21.196.6,A,[],Timeout,Timeout occurred for domain: archlinux.org on server: 210.21.196.6
2024-11-14T21:24:12.493688,arduino.cc,101.226.4.6,A,"['108.157.254.54', '108.157.254.92', '108.157.254.61', '108.157.254.55']",,
2024-11-14T21:24:12.493688,argentina.gob.ar,1.1.1.1,A,"['172.67.75.35', '104.26.4.183', '104.26.5.183']",,
2024-11-14T21:24:12.493688,archive-it.org,208.67.220.220,A,['74.86.118.24'],,
2024-11-14T21:24:12.493688,archlinux.org,2a02:6b8:0:1::feed:0ff,AAAA,['2a01:4f9:c010:6b1f::1'],,
2024-11-14T21:24:12.493688,arcpublishing.com,9.9.9.9,A,[],Timeout,Timeout occurred for domain: arcpublishing.com on server: 9.9.9.9
2024-11-14T21:24:12.493688,arduino.cc,211.136.17.107,A,"['108.157.254.61', '108.157.254.55', '108.157.254.92', '108.157.254.54']",,
2024-11-14T21:24:12.493688,argentina.gob.ar,9.9.9.10,A,"['104.26.5.183', '172.67.75.35', '104.26.4.183']",,
2024-11-14T21:24:12.493688,archlinux.org,95.85.95.85,A,['95.217.163.246'],,
2024-11-14T21:24:12.493688,archlinux.org,2a0c:a9c7:9::1,AAAA,['2a01:4f9:c010:6b1f::1'],,
2024-11-14T21:24:12.493688,archive-digger.com,101.226.4.6,A,['13.107.246.59'],,
2024-11-14T21:24:12.493688,archlinux.org,9.9.9.10,A,['95.217.163.246'],,
2024-11-14T21:24:12.493688,arcpublishing.com,95.85.95.85,A,"['13.35.186.7', '13.35.186.109', '13.35.186.102', '13.35.186.56']",,
2024-11-14T21:24:12.493688,argentina.gob.ar,195.208.5.1,A,"['188.114.99.235', '188.114.98.235']",,
2024-11-14T21:24:12.493688,archive-it.org,223.5.5.5,A,['157.240.10.36'],,
2024-11-14T21:24:12.493688,archlinux.org,2620:fe::fe,AAAA,['2a01:4f9:c010:6b1f::1'],,
2024-11-14T21:24:12.493688,archlinux.org,208.67.222.222,A,['95.217.163.246'],,
2024-11-14T21:24:12.493688,arcpublishing.com,1.1.1.1,A,"['18.65.216.43', '18.65.216.94', '18.65.216.105', '18.65.216.37']",,
2024-11-14T21:24:12.493688,arduino.cc,123.125.81.6,A,"['108.157.254.92', '108.157.254.61', '108.157.254.55', '108.157.254.54']",,
2024-11-14T21:24:12.493688,arenaplus.net,2.56.220.2,A,"['172.64.151.199', '104.18.36.57']",,
2024-11-14T21:24:12.493688,archive-it.org,223.6.6.6,A,['31.13.95.169'],,
2024-11-14T21:24:12.493688,archives.gov,2620:0:ccc::2,AAAA,"['2600:1f18:43e8:f301:9046:c05f:75e7:c481', '2600:1f18:43e8:f302:b470:d266:4d03:3ed8']",,
2024-11-14T21:24:12.493688,arcpublishing.com,1.0.0.1,A,"['18.65.3.5', '18.65.3.89', '18.65.3.60', '18.65.3.103']",,
2024-11-14T21:24:12.493688,archlinux.org,2.56.220.2,A,['95.217.163.246'],,
2024-11-14T21:24:12.493688,arenaplus.net,95.85.95.85,A,"['172.64.151.199', '104.18.36.57']",,
2024-11-14T21:24:12.493688,archive-it.org,114.114.114.114,A,['69.171.229.73'],,
2024-11-14T21:24:12.493688,archlinux.org,208.67.220.220,A,['95.217.163.246'],,
2024-11-14T21:24:12.493688,arcpublishing.com,8.8.8.8,A,"['13.35.186.102', '13.35.186.56', '13.35.186.109', '13.35.186.7']",,
2024-11-14T21:24:12.493688,argentina.gob.ar,2.56.220.2,A,"['104.26.4.183', '104.26.5.183', '172.67.75.35']",,
2024-11-14T21:24:12.493688,archives.gov,2620:119:53::53,AAAA,"['2600:1f18:43e8:f301:9046:c05f:75e7:c481', '2600:1f18:43e8:f302:b470:d266:4d03:3ed8']",,
2024-11-14T21:24:12.493688,archive-it.org,114.114.115.115,A,['69.171.229.73'],,
2024-11-14T21:24:12.493688,archlinux.org,208.67.222.220,A,['95.217.163.246'],,
2024-11-14T21:24:12.493688,arcpublishing.com,8.8.4.4,A,"['13.35.186.102', '13.35.186.7', '13.35.186.56', '13.35.186.109']",,
2024-11-14T21:24:12.493688,arenaplus.net,1.1.1.1,A,"['104.18.36.57', '172.64.151.199']",,
2024-11-14T21:24:12.493688,archive-it.org,94.140.15.15,A,['69.63.184.14'],,
2024-11-14T21:24:12.493688,archlinux.org,1.1.1.1,A,['95.217.163.246'],,
2024-11-14T21:24:12.493688,arduino.cc,101.226.4.7,A,[],Timeout,Timeout occurred for domain: arduino.cc on server: 101.226.4.7
2024-11-14T21:24:12.493688,arenaplus.net,1.0.0.1,A,"['172.64.151.199', '104.18.36.57']",,
2024-11-14T21:24:12.493688,argentina.gob.ar,8.8.8.8,A,"['104.26.5.183', '172.67.75.35', '104.26.4.183']",,
2024-11-14T21:24:12.493688,archives.gov,2620:0:ccd::2,AAAA,"['2600:1f18:43e8:f301:9046:c05f:75e7:c481', '2600:1f18:43e8:f302:b470:d266:4d03:3ed8']",,
2024-11-14T21:24:12.493688,archive.org,208.67.222.222,A,['185.45.6.103'],,
2024-11-14T21:24:12.493688,archiveofourown.org,180.76.76.76,A,['31.13.95.37'],,
2024-11-14T21:24:12.493688,arcticwolf.net,2a10:50c0::ad1:ff,AAAA,[],NoAnswer,No answer for domain: arcticwolf.net on server: 2a10:50c0::ad1:ff
2024-11-14T21:24:12.493688,arduino.cc,2001:4860:4860::8888,AAAA,[],NoAnswer,No answer for domain: arduino.cc on server: 2001:4860:4860::8888
2024-11-14T21:24:12.493688,archive.org,208.67.222.220,A,['103.42.176.244'],,
2024-11-14T21:24:12.493688,arcpublishing.com,2.56.220.2,A,"['13.35.186.56', '13.35.186.7', '13.35.186.102', '13.35.186.109']",,
2024-11-14T21:24:12.493688,arcticwolf.net,2a10:50c0::ad2:ff,AAAA,[],NoAnswer,No answer for domain: arcticwolf.net on server: 2a10:50c0::ad2:ff
2024-11-14T21:24:12.493688,ardmediathek.de,2620:119:35::35,AAAA,['2001::6ca0:a53e'],,
2024-11-14T21:24:12.494676,archive.org,9.9.9.10,A,['69.171.234.48'],,
2024-11-14T21:24:12.494676,archiveofourown.org,223.6.6.6,A,['204.79.197.217'],,
2024-11-14T21:24:12.494676,arcticwolf.net,2620:0:ccc::2,AAAA,[],NoAnswer,No answer for domain: arcticwolf.net on server: 2620:0:ccc::2
2024-11-14T21:24:12.494676,ardmediathek.de,2620:119:53::53,AAAA,['2001::c73b:95ea'],,
2024-11-14T21:24:12.494676,archiveofourown.org,2.56.220.2,A,['157.240.12.50'],,
2024-11-14T21:24:12.494676,archiveofourown.org,119.29.29.29,A,['157.240.18.18'],,
2024-11-14T21:24:12.494676,arcticwolf.net,2620:0:ccd::2,AAAA,[],NoAnswer,No answer for domain: arcticwolf.net on server: 2620:0:ccd::2
2024-11-14T21:24:12.494676,ardmediathek.de,2620:fe::fe,AAAA,['2001::6ca0:a79f'],,
2024-11-14T21:24:12.494676,archive.org,208.67.220.220,A,['159.106.121.75'],,
2024-11-14T21:24:12.494676,archiveofourown.org,123.125.81.6,A,['108.160.166.49'],,
2024-11-14T21:24:12.494676,arcticwolf.net,2620:119:35::35,AAAA,[],NoAnswer,No answer for domain: arcticwolf.net on server: 2620:119:35::35
2024-11-14T21:24:12.494676,ardmediathek.de,2620:fe::10,AAAA,['2001::caa0:8234'],,
2024-11-14T21:24:12.494676,archiveofourown.org,62.76.62.76,A,['31.13.80.37'],,
2024-11-14T21:24:12.494676,arcticwolf.net,2620:119:53::53,AAAA,[],NoAnswer,No answer for domain: arcticwolf.net on server: 2620:119:53::53
2024-11-14T21:24:12.494676,arduino.cc,2a03:90c0:999d::1,AAAA,[],NoAnswer,No answer for domain: arduino.cc on server: 2a03:90c0:999d::1
2024-11-14T21:24:12.494676,archiveofourown.org,8.8.4.4,A,['199.59.149.231'],,
2024-11-14T21:24:12.494676,argentina.gob.ar,77.88.8.8,A,"['188.114.99.229', '188.114.98.229']",,
2024-11-14T21:24:12.494676,archive-digger.com,101.226.4.7,A,[],Timeout,Timeout occurred for domain: archive-digger.com on server: 101.226.4.7
2024-11-14T21:24:12.494676,arcticwolf.net,2620:fe::fe,AAAA,[],NoAnswer,No answer for domain: arcticwolf.net on server: 2620:fe::fe
2024-11-14T21:24:12.494676,archiveofourown.org,1.1.1.1,A,['108.160.165.8'],,
2024-11-14T21:24:12.494676,archiveofourown.org,62.76.76.62,A,['108.160.162.104'],,
2024-11-14T21:24:12.494676,archlinux.org,9.9.9.9,A,[],Timeout,Timeout occurred for domain: archlinux.org on server: 9.9.9.9
2024-11-14T21:24:12.494676,arduino.cc,2001:4860:4860::8844,AAAA,[],NoAnswer,No answer for domain: arduino.cc on server: 2001:4860:4860::8844
2024-11-14T21:24:12.494676,arcticwolf.net,2620:fe::10,AAAA,[],NoAnswer,No answer for domain: arcticwolf.net on server: 2620:fe::10
2024-11-14T21:24:12.494676,arduino.cc,2a03:90c0:9992::1,AAAA,[],NoAnswer,No answer for domain: arduino.cc on server: 2a03:90c0:9992::1
2024-11-14T21:24:12.494676,arcpublishing.com,2400:3200:baba::1,AAAA,[],NoAnswer,No answer for domain: arcpublishing.com on server: 2400:3200:baba::1
2024-11-14T21:24:12.494676,arduino.cc,2a02:6b8::feed:0ff,AAAA,[],NoAnswer,No answer for domain: arduino.cc on server: 2a02:6b8::feed:0ff
2024-11-14T21:24:12.494676,archiveofourown.org,8.8.8.8,A,['157.240.12.36'],,
2024-11-14T21:24:12.494676,archiveofourown.org,101.226.4.6,A,['31.13.112.9'],,
2024-11-14T21:24:12.494676,arcpublishing.com,2402:4e00::,AAAA,[],NoAnswer,No answer for domain: arcpublishing.com on server: 2402:4e00::
2024-11-14T21:24:12.494676,ardmediathek.de,2a0c:a9c7:8::1,AAAA,['2001::45ab:f747'],,
2024-11-14T21:24:12.494676,archiveofourown.org,77.88.8.8,A,['96.44.137.28'],,
2024-11-14T21:24:12.494676,archives.gov,8.8.4.4,A,"['52.206.136.3', '52.44.89.206']",,
2024-11-14T21:24:12.494676,ardmediathek.de,2a0c:a9c7:9::1,AAAA,['2001::1f0d:60c3'],,
2024-11-14T21:24:12.494676,arduino.cc,123.125.81.7,A,[],Timeout,Timeout occurred for domain: arduino.cc on server: 123.125.81.7
2024-11-14T21:24:12.494676,archiveofourown.org,77.88.8.1,A,['199.96.62.21'],,
2024-11-14T21:24:12.494676,arcticwolf.net,2400:3200::1,AAAA,[],NoAnswer,No answer for domain: arcticwolf.net on server: 2400:3200::1
2024-11-14T21:24:12.494676,ardmediathek.de,2a10:50c0::ad1:ff,AAAA,['2001::a27d:108'],,
2024-11-14T21:24:12.494676,archives.gov,1.1.1.1,A,"['52.44.89.206', '52.206.136.3']",,
2024-11-14T21:24:12.494676,archiveofourown.org,1.0.0.1,A,['31.13.76.99'],,
2024-11-14T21:24:12.494676,ardmediathek.de,2a10:50c0::ad2:ff,AAAA,['2001::8079:f3e4'],,
2024-11-14T21:24:12.494676,archives.gov,8.8.8.8,A,"['52.44.89.206', '52.206.136.3']",,
2024-11-14T21:24:12.494676,archiveofourown.org,95.85.95.85,A,['199.59.148.96'],,
2024-11-14T21:24:12.494676,archiveofourown.org,195.208.5.1,A,['108.160.162.109'],,
2024-11-14T21:24:12.494676,ardmediathek.de,2400:3200::1,AAAA,['2001::adfc:f8f4'],,
2024-11-14T21:24:12.494676,archive.org,101.226.4.6,A,['31.13.96.195'],,
2024-11-14T21:24:12.494676,arcticwolf.net,2402:4e00::,AAAA,[],NoAnswer,No answer for domain: arcticwolf.net on server: 2402:4e00::
2024-11-14T21:24:12.494676,archiveofourown.org,208.67.220.220,A,['67.230.169.182'],,
2024-11-14T21:24:12.494676,ardmediathek.de,2400:3200:baba::1,AAAA,['2001::6810:fb37'],,
2024-11-14T21:24:12.494676,arcticwolf.net,2a02:6b8::feed:0ff,AAAA,[],NoAnswer,No answer for domain: arcticwolf.net on server: 2a02:6b8::feed:0ff
2024-11-14T21:24:12.494676,archiveofourown.org,195.208.4.1,A,['179.60.193.9'],,
2024-11-14T21:24:12.494676,argentina.gob.ar,9.9.9.9,A,[],Timeout,Timeout occurred for domain: argentina.gob.ar on server: 9.9.9.9
2024-11-14T21:24:12.494676,arduino.cc,2606:4700:4700::1111,AAAA,[],NoAnswer,No answer for domain: arduino.cc on server: 2606:4700:4700::1111
2024-11-14T21:24:12.494676,archive.org,218.30.118.6,A,['59.24.3.173'],,
2024-11-14T21:24:12.494676,archiveofourown.org,223.5.5.5,A,['199.96.59.19'],,
2024-11-14T21:24:12.494676,ardmediathek.de,2001:4860:4860::8844,AAAA,['2001::9df0:1123'],,
2024-11-14T21:24:12.494676,arduino.cc,2606:4700:4700::1001,AAAA,[],NoAnswer,No answer for domain: arduino.cc on server: 2606:4700:4700::1001
2024-11-14T21:24:12.494676,archive.org,211.136.17.107,A,['199.96.62.21'],,
2024-11-14T21:24:12.494676,arcticwolf.net,2400:3200:baba::1,AAAA,[],NoAnswer,No answer for domain: arcticwolf.net on server: 2400:3200:baba::1
2024-11-14T21:24:12.494676,ardmediathek.de,2620:0:ccc::2,AAAA,['2001::c73b:9414'],,
2024-11-14T21:24:12.494676,archlinux.org,123.125.81.7,A,[],Timeout,Timeout occurred for domain: archlinux.org on server: 123.125.81.7
2024-11-14T21:24:12.494676,archiveofourown.org,202.96.128.86,A,[],Timeout,Timeout occurred for domain: archiveofourown.org on server: 202.96.128.86
2024-11-14T21:24:12.494676,archiveofourown.org,123.125.81.7,A,[],Timeout,Timeout occurred for domain: archiveofourown.org on server: 123.125.81.7
2024-11-14T21:24:12.494676,ardmediathek.de,2620:0:ccd::2,AAAA,['2001::1f0d:7009'],,
2024-11-14T21:24:12.494676,archive.org,123.125.81.6,A,['31.13.96.195'],,
2024-11-14T21:24:12.494676,archive.org,101.226.4.7,A,[],Timeout,Timeout occurred for domain: archive.org on server: 101.226.4.7
2024-11-14T21:24:12.494676,archiveofourown.org,210.21.196.6,A,[],Timeout,Timeout occurred for domain: archiveofourown.org on server: 210.21.196.6
2024-11-14T21:24:12.494676,ardmediathek.de,2001:6d0:6d0::2001,AAAA,['2001::c73b:95e6'],,
2024-11-14T21:24:12.494676,ardmediathek.de,2001:4860:4860::8888,AAAA,['2001::1765:1846'],,
2024-11-14T21:24:12.494676,archive.org,223.5.5.5,A,['199.96.62.17'],,
2024-11-14T21:24:12.494676,archiveofourown.org,114.114.115.115,A,['185.45.7.165'],,
2024-11-14T21:24:12.494676,ardmediathek.de,2001:6d0:d6::2001,AAAA,['2001::68f4:2b88'],,
2024-11-14T21:24:12.494676,arcticwolf.net,2a03:90c0:999d::1,AAAA,[],NoAnswer,No answer for domain: arcticwolf.net on server: 2a03:90c0:999d::1
2024-11-14T21:24:12.494676,archive.org,123.125.81.7,A,[],Timeout,Timeout occurred for domain: archive.org on server: 123.125.81.7
2024-11-14T21:24:12.494676,arcticwolf.net,2a02:6b8:0:1::feed:0ff,AAAA,[],Timeout,Timeout occurred for domain: arcticwolf.net on server: 2a02:6b8:0:1::feed:0ff
2024-11-14T21:24:12.494676,ardmediathek.de,2402:4e00::,AAAA,['2001::34af:950'],,
2024-11-14T21:24:12.494676,arcticwolf.net,2a03:90c0:9992::1,AAAA,[],NoAnswer,No answer for domain: arcticwolf.net on server: 2a03:90c0:9992::1
2024-11-14T21:24:12.494676,archiveofourown.org,218.30.118.6,A,['173.208.182.68'],,
2024-11-14T21:24:12.494676,arcticwolf.net,2a0c:a9c7:8::1,AAAA,[],NoAnswer,No answer for domain: arcticwolf.net on server: 2a0c:a9c7:8::1
2024-11-14T21:24:12.494676,archive.org,117.50.11.11,A,[],Timeout,Timeout occurred for domain: archive.org on server: 117.50.11.11
2024-11-14T21:24:12.494676,archiveofourown.org,101.226.4.7,A,[],Timeout,Timeout occurred for domain: archiveofourown.org on server: 101.226.4.7
2024-11-14T21:24:12.494676,archiveofourown.org,9.9.9.10,A,['162.125.80.6'],,
2024-11-14T21:24:12.494676,arcticwolf.net,2a0c:a9c7:9::1,AAAA,[],NoAnswer,No answer for domain: arcticwolf.net on server: 2a0c:a9c7:9::1
2024-11-14T21:24:12.494676,ardmediathek.de,2a02:6b8::feed:0ff,AAAA,['2001::42dc:930b'],,
2024-11-14T21:24:12.494676,archive.org,114.114.114.114,A,['108.160.170.26'],,
2024-11-14T21:24:12.494676,archiveofourown.org,94.140.15.15,A,['115.126.100.160'],,
2024-11-14T21:24:12.494676,arcticwolf.net,2606:4700:4700::1111,AAAA,[],NoAnswer,No answer for domain: arcticwolf.net on server: 2606:4700:4700::1111
2024-11-14T21:24:12.494676,ardmediathek.de,2a02:6b8:0:1::feed:0ff,AAAA,['2001::67fc:7265'],,
2024-11-14T21:24:12.494676,archive.org,114.114.115.115,A,['108.160.170.26'],,
2024-11-14T21:24:12.494676,archiveofourown.org,114.114.114.114,A,['199.59.149.206'],,
2024-11-14T21:24:12.494676,arcticwolf.net,2606:4700:4700::1001,AAAA,[],NoAnswer,No answer for domain: arcticwolf.net on server: 2606:4700:4700::1001
2024-11-14T21:24:12.494676,archive.org,223.6.6.6,A,['199.96.62.17'],,
2024-11-14T21:24:12.494676,archiveofourown.org,208.67.220.222,A,['162.125.2.6'],,
2024-11-14T21:24:12.494676,arcticwolf.net,2001:6d0:6d0::2001,AAAA,[],NoAnswer,No answer for domain: arcticwolf.net on server: 2001:6d0:6d0::2001
2024-11-14T21:24:12.494676,arcticwolf.net,2400:da00::6666,AAAA,[],Timeout,Timeout occurred for domain: arcticwolf.net on server: 2400:da00::6666
2024-11-14T21:24:12.494676,archive.org,119.29.29.29,A,['173.236.182.137'],,
2024-11-14T21:24:12.494676,archiveofourown.org,94.140.14.14,A,['67.230.169.182'],,
2024-11-14T21:24:12.494676,arcticwolf.net,2001:6d0:d6::2001,AAAA,[],NoAnswer,No answer for domain: arcticwolf.net on server: 2001:6d0:d6::2001
2024-11-14T21:24:12.494676,ardmediathek.de,2a03:90c0:999d::1,AAAA,['2001::453f:ba1e'],,
2024-11-14T21:24:12.494676,archive.org,94.140.14.14,A,['199.59.150.13'],,
2024-11-14T21:24:12.494676,archiveofourown.org,211.136.17.107,A,['103.252.115.53'],,
2024-11-14T21:24:12.494676,arcticwolf.net,2001:4860:4860::8888,AAAA,[],NoAnswer,No answer for domain: arcticwolf.net on server: 2001:4860:4860::8888
2024-11-14T21:24:12.494676,ardmediathek.de,2a03:90c0:9992::1,AAAA,['2001::6ca0:a7ae'],,
2024-11-14T21:24:12.494676,archive.org,94.140.15.15,A,['173.252.108.3'],,
2024-11-14T21:24:12.494676,archiveofourown.org,208.67.222.222,A,['31.13.94.7'],,
2024-11-14T21:24:12.494676,arcticwolf.net,2001:4860:4860::8844,AAAA,[],NoAnswer,No answer for domain: arcticwolf.net on server: 2001:4860:4860::8844
2024-11-14T21:24:12.494676,ardmediathek.de,2606:4700:4700::1111,AAAA,['2001::1f0d:4713'],,
2024-11-14T21:24:12.494676,archive.org,208.67.220.222,A,['202.160.128.203'],,
2024-11-14T21:24:12.494676,archiveofourown.org,208.67.222.220,A,['108.160.172.232'],,
2024-11-14T21:24:12.494676,archive.org,180.76.76.76,A,['31.13.82.169'],,
2024-11-14T21:24:12.494676,ardmediathek.de,2606:4700:4700::1001,AAAA,['2001::80f2:f0fd'],,
2024-11-14T21:24:12.494676,archiveofourown.org,117.50.11.11,A,[],Timeout,Timeout occurred for domain: archiveofourown.org on server: 117.50.11.11
2024-11-14T21:24:12.494676,archive.org,2402:4e00::,AAAA,['2a03:2880:f11b:83:face:b00c:0:25de'],,
2024-11-14T21:24:12.494676,arenaplus.net,2620:fe::10,AAAA,[],NoAnswer,No answer for domain: arenaplus.net on server: 2620:fe::10
2024-11-14T21:24:12.494676,archive-digger.com,218.30.118.6,A,['13.107.246.46'],,
2024-11-14T21:24:12.494676,archive.org,2400:3200::1,AAAA,['2a03:2880:f11a:83:face:b00c:0:25de'],,
2024-11-14T21:24:12.494676,archiveofourown.org,9.9.9.9,A,[],Timeout,Timeout occurred for domain: archiveofourown.org on server: 9.9.9.9
2024-11-14T21:24:12.494676,argentina.gob.ar,2a0c:a9c7:8::1,AAAA,"['2a06:98c1:3123:e000::', '2a06:98c1:3122:e000::']",,
2024-11-14T21:24:12.494676,archive.org,2400:3200:baba::1,AAAA,['2a03:2880:f10a:83:face:b00c:0:25de'],,
2024-11-14T21:24:12.494676,archive-digger.com,1.1.1.1,A,['13.107.246.46'],,
2024-11-14T21:24:12.494676,argentina.gob.ar,2a0c:a9c7:9::1,AAAA,"['2a06:98c1:3123:e000::', '2a06:98c1:3122:e000::']",,
2024-11-14T21:24:12.494676,archive.org,2a10:50c0::ad1:ff,AAAA,['2a03:2880:f12c:183:face:b00c:0:25de'],,
2024-11-14T21:24:12.494676,argentina.gob.ar,2a02:6b8::feed:0ff,AAAA,"['2a06:98c1:3122:e000::5', '2a06:98c1:3123:e000::5']",,
2024-11-14T21:24:12.494676,archive.org,202.96.128.86,A,[],Timeout,Timeout occurred for domain: archive.org on server: 202.96.128.86
2024-11-14T21:24:12.494676,archive.org,2a10:50c0::ad2:ff,AAAA,['2a03:2880:f126:83:face:b00c:0:25de'],,
2024-11-14T21:24:12.494676,argentina.gob.ar,2a02:6b8:0:1::feed:0ff,AAAA,"['2a06:98c1:3122:e000::5', '2a06:98c1:3123:e000::5']",,
2024-11-14T21:24:12.494676,archive-digger.com,8.8.4.4,A,['13.107.246.73'],,
2024-11-14T21:24:12.494676,archive.org,2620:0:ccd::2,AAAA,['2001::c710:9eb6'],,
2024-11-14T21:24:12.494676,ardmediathek.de,2400:da00::6666,AAAA,[],Timeout,Timeout occurred for domain: ardmediathek.de on server: 2400:da00::6666
2024-11-14T21:24:12.494676,archive-digger.com,208.67.220.220,A,['13.107.246.73'],,
2024-11-14T21:24:12.494676,argentina.gob.ar,2a03:90c0:999d::1,AAAA,"['2606:4700:20::681a:5b7', '2606:4700:20::681a:4b7', '2606:4700:20::ac43:4b23']",,
2024-11-14T21:24:12.494676,archive-digger.com,180.76.76.76,A,['13.107.246.46'],,
2024-11-14T21:24:12.494676,archive.org,2620:0:ccc::2,AAAA,['2001::6ca0:a92e'],,
2024-11-14T21:24:12.494676,argentina.gob.ar,2001:6d0:d6::2001,AAAA,"['2a06:98c1:3123:e000::', '2a06:98c1:3122:e000::']",,
2024-11-14T21:24:12.494676,archive-digger.com,95.85.95.85,A,['13.107.246.59'],,
2024-11-14T21:24:12.494676,argentina.gob.ar,2001:6d0:6d0::2001,AAAA,"['2a06:98c1:3123:e000::', '2a06:98c1:3122:e000::']",,
2024-11-14T21:24:12.494676,archive-digger.com,9.9.9.10,A,['13.107.253.45'],,
2024-11-14T21:24:12.494676,archive.org,2001:6d0:6d0::2001,AAAA,['2a03:2880:f134:83:face:b00c:0:25de'],,
2024-11-14T21:24:12.494676,archive.org,210.21.196.6,A,[],Timeout,Timeout occurred for domain: archive.org on server: 210.21.196.6
2024-11-14T21:24:12.494676,archive.org,2001:6d0:d6::2001,AAAA,['2a03:2880:f107:83:face:b00c:0:25de'],,
2024-11-14T21:24:12.494676,arenaplus.net,2402:4e00::,AAAA,[],NoAnswer,No answer for domain: arenaplus.net on server: 2402:4e00::
2024-11-14T21:24:12.494676,archive-digger.com,208.67.220.222,A,['13.107.246.73'],,
2024-11-14T21:24:12.494676,archiveofourown.org,2001:4860:4860::8888,AAAA,['2001::6ca0:a509'],,
2024-11-14T21:24:12.494676,argentina.gob.ar,2606:4700:4700::1001,AAAA,"['2606:4700:20::ac43:4b23', '2606:4700:20::681a:5b7', '2606:4700:20::681a:4b7']",,
2024-11-14T21:24:12.494676,arduino.cc,2a02:6b8:0:1::feed:0ff,AAAA,[],Timeout,Timeout occurred for domain: arduino.cc on server: 2a02:6b8:0:1::feed:0ff
2024-11-14T21:24:12.494676,arenaplus.net,2620:fe::fe,AAAA,[],NoAnswer,No answer for domain: arenaplus.net on server: 2620:fe::fe
2024-11-14T21:24:12.495674,archive-digger.com,2.56.220.2,A,['13.107.246.59'],,
2024-11-14T21:24:12.495674,archive.org,2620:119:35::35,AAAA,['2a03:2880:f12c:183:face:b00c:0:25de'],,
2024-11-14T21:24:12.495674,argentina.gob.ar,2001:4860:4860::8844,AAAA,"['2606:4700:20::681a:4b7', '2606:4700:20::ac43:4b23', '2606:4700:20::681a:5b7']",,
2024-11-14T21:24:12.495674,archive-digger.com,1.0.0.1,A,['13.107.253.70'],,
2024-11-14T21:24:12.495674,archive.org,2620:119:53::53,AAAA,['2001::6ca0:a79f'],,
2024-11-14T21:24:12.495674,argentina.gob.ar,2606:4700:4700::1111,AAAA,"['2606:4700:20::681a:5b7', '2606:4700:20::ac43:4b23', '2606:4700:20::681a:4b7']",,
2024-11-14T21:24:12.495674,archive-digger.com,223.6.6.6,A,['13.107.246.46'],,
2024-11-14T21:24:12.495674,archiveofourown.org,2001:6d0:d6::2001,AAAA,['2a03:2880:f10e:83:face:b00c:0:25de'],,
2024-11-14T21:24:12.495674,arcpublishing.com,2400:da00::6666,AAAA,[],Timeout,Timeout occurred for domain: arcpublishing.com on server: 2400:da00::6666
2024-11-14T21:24:12.495674,archiveofourown.org,2a0c:a9c7:8::1,AAAA,['2a03:2880:f10a:83:face:b00c:0:25de'],,
2024-11-14T21:24:12.495674,arenaplus.net,2620:119:35::35,AAAA,[],NoAnswer,No answer for domain: arenaplus.net on server: 2620:119:35::35
2024-11-14T21:24:12.495674,archive-digger.com,8.8.8.8,A,['13.107.246.73'],,
2024-11-14T21:24:12.495674,archiveofourown.org,2a02:6b8:0:1::feed:0ff,AAAA,['2a03:2880:f117:83:face:b00c:0:25de'],,
2024-11-14T21:24:12.495674,archive-digger.com,94.140.15.15,A,['13.107.253.70'],,
2024-11-14T21:24:12.495674,archiveofourown.org,2001:6d0:6d0::2001,AAAA,['2a03:2880:f12c:183:face:b00c:0:25de'],,
2024-11-14T21:24:12.495674,archive-digger.com,77.88.8.8,A,['13.107.253.67'],,
2024-11-14T21:24:12.495674,archiveofourown.org,2a03:90c0:9992::1,AAAA,['2001::a27d:5005'],,
2024-11-14T21:24:12.495674,argentina.gob.ar,2001:4860:4860::8888,AAAA,"['2606:4700:20::ac43:4b23', '2606:4700:20::681a:5b7', '2606:4700:20::681a:4b7']",,
2024-11-14T21:24:12.495674,archive-digger.com,195.208.5.1,A,['13.107.246.54'],,
2024-11-14T21:24:12.495674,archiveofourown.org,2a02:6b8::feed:0ff,AAAA,['2001::6817:7cbd'],,
2024-11-14T21:24:12.495674,archive-digger.com,62.76.76.62,A,['13.107.253.45'],,
2024-11-14T21:24:12.495674,archiveofourown.org,2606:4700:4700::1001,AAAA,['2a03:2880:f10a:83:face:b00c:0:25de'],,
2024-11-14T21:24:12.495674,arenaplus.net,2400:3200::1,AAAA,[],NoAnswer,No answer for domain: arenaplus.net on server: 2400:3200::1
2024-11-14T21:24:12.495674,archive-digger.com,9.9.9.9,A,[],Timeout,Timeout occurred for domain: archive-digger.com on server: 9.9.9.9
2024-11-14T21:24:12.495674,archiveofourown.org,2a03:90c0:999d::1,AAAA,['2a03:2880:f134:83:face:b00c:0:25de'],,
2024-11-14T21:24:12.495674,arenaplus.net,2400:3200:baba::1,AAAA,[],NoAnswer,No answer for domain: arenaplus.net on server: 2400:3200:baba::1
2024-11-14T21:24:12.495674,archive-digger.com,119.29.29.29,A,['13.107.246.59'],,
2024-11-14T21:24:12.495674,archive.org,2620:fe::10,AAAA,['2a03:2880:f11c:8183:face:b00c:0:25de'],,
2024-11-14T21:24:12.495674,arenaplus.net,2a10:50c0::ad2:ff,AAAA,[],NoAnswer,No answer for domain: arenaplus.net on server: 2a10:50c0::ad2:ff
2024-11-14T21:24:12.495674,archive-digger.com,208.67.222.220,A,['13.107.246.73'],,
2024-11-14T21:24:12.495674,archive-digger.com,114.114.115.115,A,['13.107.246.47'],,
2024-11-14T21:24:12.495674,archive.org,2620:fe::fe,AAAA,['2a03:2880:f12c:83:face:b00c:0:25de'],,
2024-11-14T21:24:12.495674,arenaplus.net,2620:0:ccd::2,AAAA,[],NoAnswer,No answer for domain: arenaplus.net on server: 2620:0:ccd::2
2024-11-14T21:24:12.495674,archive-digger.com,223.5.5.5,A,['13.107.246.46'],,
2024-11-14T21:24:12.495674,arenaplus.net,2a10:50c0::ad1:ff,AAAA,[],NoAnswer,No answer for domain: arenaplus.net on server: 2a10:50c0::ad1:ff
2024-11-14T21:24:12.495674,archive-digger.com,114.114.114.114,A,['13.107.246.47'],,
2024-11-14T21:24:12.495674,archive.org,2a0c:a9c7:8::1,AAAA,['2a03:2880:f136:83:face:b00c:0:25de'],,
2024-11-14T21:24:12.495674,argentina.gob.ar,2620:fe::fe,AAAA,"['2606:4700:20::681a:5b7', '2606:4700:20::ac43:4b23', '2606:4700:20::681a:4b7']",,
2024-11-14T21:24:12.495674,archive-digger.com,195.208.4.1,A,['13.107.246.54'],,
2024-11-14T21:24:12.495674,archive.org,2a0c:a9c7:9::1,AAAA,['2a03:2880:f12a:83:face:b00c:0:25de'],,
2024-11-14T21:24:12.495674,archive-digger.com,94.140.14.14,A,['13.107.253.70'],,
2024-11-14T21:24:12.495674,archiveofourown.org,2001:4860:4860::8844,AAAA,['2a03:2880:f131:83:face:b00c:0:25de'],,
2024-11-14T21:24:12.495674,arenaplus.net,2620:119:53::53,AAAA,[],NoAnswer,No answer for domain: arenaplus.net on server: 2620:119:53::53
2024-11-14T21:24:12.495674,archive-digger.com,208.67.222.222,A,['13.107.246.73'],,
2024-11-14T21:24:12.495674,archiveofourown.org,2606:4700:4700::1111,AAAA,['2a03:2880:f134:183:face:b00c:0:25de'],,
2024-11-14T21:24:12.495674,arenaplus.net,2620:0:ccc::2,AAAA,[],NoAnswer,No answer for domain: arenaplus.net on server: 2620:0:ccc::2
2024-11-14T21:24:12.495674,argentina.gob.ar,2a03:90c0:9992::1,AAAA,"['2606:4700:20::681a:5b7', '2606:4700:20::681a:4b7', '2606:4700:20::ac43:4b23']",,
2024-11-14T21:24:12.495674,archives.gov,101.226.4.6,A,"['52.44.89.206', '52.206.136.3']",,
2024-11-14T21:24:12.495674,arin.net,117.50.11.11,A,"['199.43.0.47', '192.136.136.47']",,
2024-11-14T21:24:12.495674,arenaplus.net,195.208.4.1,A,"['188.114.98.224', '188.114.99.224']",,
2024-11-14T21:24:12.495674,arenaplus.net,223.5.5.5,A,"['172.64.151.199', '104.18.36.57']",,
2024-11-14T21:24:12.495674,arin.net,123.125.81.6,A,"['199.43.0.47', '192.136.136.47']",,
2024-11-14T21:24:12.495674,archive-digger.com,202.96.128.86,A,[],Timeout,Timeout occurred for domain: archive-digger.com on server: 202.96.128.86
2024-11-14T21:24:12.495674,arenaplus.net,62.76.62.76,A,"['188.114.99.224', '188.114.98.224']",,
2024-11-14T21:24:12.495674,archive-digger.com,210.21.196.6,A,[],Timeout,Timeout occurred for domain: archive-digger.com on server: 210.21.196.6
2024-11-14T21:24:12.495674,arizona-rp.com,8.8.8.8,A,['87.251.65.15'],,
2024-11-14T21:24:12.495674,arizona-rp.com,95.85.95.85,A,['87.251.65.15'],,
2024-11-14T21:24:12.495674,archives.gov,195.208.4.1,A,"['52.44.89.206', '52.206.136.3']",,
2024-11-14T21:24:12.495674,arin.net,223.5.5.5,A,"['199.43.0.47', '192.136.136.47']",,
2024-11-14T21:24:12.495674,archives.gov,2.56.220.2,A,"['52.206.136.3', '52.44.89.206']",,
2024-11-14T21:24:12.495674,arenaplus.net,2400:da00::6666,AAAA,[],Timeout,Timeout occurred for domain: arenaplus.net on server: 2400:da00::6666
2024-11-14T21:24:12.495674,arin.net,223.6.6.6,A,"['192.136.136.47', '199.43.0.47']",,
2024-11-14T21:24:12.495674,archive.org,2400:da00::6666,AAAA,[],Timeout,Timeout occurred for domain: archive.org on server: 2400:da00::6666
2024-11-14T21:24:12.495674,archives.gov,62.76.76.62,A,"['52.206.136.3', '52.44.89.206']",,
2024-11-14T21:24:12.495674,arin.net,114.114.115.115,A,"['199.43.0.47', '192.136.136.47']",,
2024-11-14T21:24:12.495674,archive-digger.com,62.76.62.76,A,['13.107.246.54'],,
2024-11-14T21:24:12.495674,archives.gov,62.76.62.76,A,"['52.206.136.3', '52.44.89.206']",,
2024-11-14T21:24:12.495674,archives.gov,218.30.118.6,A,"['52.44.89.206', '52.206.136.3']",,
2024-11-14T21:24:12.495674,arenaplus.net,101.226.4.6,A,"['104.18.36.57', '172.64.151.199']",,
2024-11-14T21:24:12.495674,arin.net,114.114.114.114,A,"['199.43.0.47', '192.136.136.47']",,
2024-11-14T21:24:12.495674,archives.gov,77.88.8.8,A,"['52.44.89.206', '52.206.136.3']",,
2024-11-14T21:24:12.495674,arenaplus.net,211.136.17.107,A,"['104.18.36.57', '172.64.151.199']",,
2024-11-14T21:24:12.495674,arenaplus.net,123.125.81.6,A,"['172.64.151.199', '104.18.36.57']",,
2024-11-14T21:24:12.495674,archives.gov,95.85.95.85,A,"['52.44.89.206', '52.206.136.3']",,
2024-11-14T21:24:12.495674,archive-digger.com,77.88.8.1,A,[],Timeout,Timeout occurred for domain: archive-digger.com on server: 77.88.8.1
2024-11-14T21:24:12.495674,arenaplus.net,223.6.6.6,A,"['104.18.36.57', '172.64.151.199']",,
2024-11-14T21:24:12.495674,arin.net,94.140.15.15,A,"['192.136.136.47', '199.43.0.47']",,
2024-11-14T21:24:12.495674,archives.gov,211.136.17.107,A,"['52.206.136.3', '52.44.89.206']",,
2024-11-14T21:24:12.495674,arenaplus.net,218.30.118.6,A,"['172.64.151.199', '104.18.36.57']",,
2024-11-14T21:24:12.495674,arizona-rp.com,1.1.1.1,A,['87.251.65.15'],,
2024-11-14T21:24:12.495674,archives.gov,123.125.81.6,A,"['52.44.89.206', '52.206.136.3']",,
2024-11-14T21:24:12.495674,arenaplus.net,195.208.5.1,A,"['188.114.98.224', '188.114.99.224']",,
2024-11-14T21:24:12.495674,arizona-rp.com,1.0.0.1,A,['87.251.65.15'],,
2024-11-14T21:24:12.495674,archives.gov,119.29.29.29,A,"['52.206.136.3', '52.44.89.206']",,
2024-11-14T21:24:12.495674,archives.gov,210.21.196.6,A,[],Timeout,Timeout occurred for domain: archives.gov on server: 210.21.196.6
2024-11-14T21:24:12.495674,arin.net,211.136.17.107,A,"['199.43.0.47', '192.136.136.47']",,
2024-11-14T21:24:12.495674,archives.gov,180.76.76.76,A,"['52.206.136.3', '52.44.89.206']",,
2024-11-14T21:24:12.495674,archives.gov,202.96.128.86,A,[],Timeout,Timeout occurred for domain: archives.gov on server: 202.96.128.86
2024-11-14T21:24:12.495674,arizona-rp.com,8.8.4.4,A,['87.251.65.15'],,
2024-11-14T21:24:12.495674,archives.gov,223.5.5.5,A,"['52.206.136.3', '52.44.89.206']",,
2024-11-14T21:24:12.495674,arenaplus.net,94.140.14.14,A,"['104.18.36.57', '172.64.151.199']",,
2024-11-14T21:24:12.495674,archives.gov,223.6.6.6,A,"['52.206.136.3', '52.44.89.206']",,
2024-11-14T21:24:12.495674,arin.net,218.30.118.6,A,"['199.43.0.47', '192.136.136.47']",,
2024-11-14T21:24:12.495674,archives.gov,117.50.11.11,A,[],Timeout,Timeout occurred for domain: archives.gov on server: 117.50.11.11
2024-11-14T21:24:12.495674,arenaplus.net,208.67.220.222,A,"['104.18.36.57', '172.64.151.199']",,
2024-11-14T21:24:12.495674,archives.gov,114.114.114.114,A,"['52.206.136.3', '52.44.89.206']",,
2024-11-14T21:24:12.495674,archives.gov,114.114.115.115,A,"['52.44.89.206', '52.206.136.3']",,
2024-11-14T21:24:12.495674,arenaplus.net,123.125.81.7,A,[],Timeout,Timeout occurred for domain: arenaplus.net on server: 123.125.81.7
2024-11-14T21:24:12.495674,archives.gov,94.140.14.14,A,"['52.44.89.206', '52.206.136.3']",,
2024-11-14T21:24:12.495674,arenaplus.net,101.226.4.7,A,[],Timeout,Timeout occurred for domain: arenaplus.net on server: 101.226.4.7
2024-11-14T21:24:12.495674,arenaplus.net,117.50.11.11,A,"['104.18.36.57', '172.64.151.199']",,
2024-11-14T21:24:12.495674,arin.net,94.140.14.14,A,"['192.136.136.47', '199.43.0.47']",,
2024-11-14T21:24:12.495674,archives.gov,77.88.8.1,A,"['52.206.136.3', '52.44.89.206']",,
2024-11-14T21:24:12.495674,archives.gov,94.140.15.15,A,"['52.44.89.206', '52.206.136.3']",,
2024-11-14T21:24:12.495674,archives.gov,195.208.5.1,A,"['52.206.136.3', '52.44.89.206']",,
2024-11-14T21:24:12.495674,arenaplus.net,119.29.29.29,A,"['172.64.151.199', '104.18.36.57']",,
2024-11-14T21:24:12.495674,arin.net,119.29.29.29,A,"['199.43.0.47', '192.136.136.47']",,
2024-11-14T21:24:12.495674,arenaplus.net,180.76.76.76,A,"['172.64.151.199', '104.18.36.57']",,
2024-11-14T21:24:12.495674,arenaplus.net,114.114.114.114,A,"['172.64.151.199', '104.18.36.57']",,
2024-11-14T21:24:12.495674,arin.net,180.76.76.76,A,"['199.43.0.47', '192.136.136.47']",,
2024-11-14T21:24:12.495674,archives.gov,208.67.220.222,A,"['52.206.136.3', '52.44.89.206']",,
2024-11-14T21:24:12.495674,arenaplus.net,114.114.115.115,A,"['104.18.36.57', '172.64.151.199']",,
2024-11-14T21:24:12.495674,arin.net,208.67.222.222,A,"['199.43.0.47', '192.136.136.47']",,
2024-11-14T21:24:12.495674,archives.gov,1.0.0.1,A,"['52.44.89.206', '52.206.136.3']",,
2024-11-14T21:24:12.495674,arenaplus.net,94.140.15.15,A,"['104.18.36.57', '172.64.151.199']",,
2024-11-14T21:24:12.495674,arin.net,208.67.220.220,A,"['199.43.0.47', '192.136.136.47']",,
2024-11-14T21:24:12.495674,archives.gov,208.67.220.220,A,"['52.44.89.206', '52.206.136.3']",,
2024-11-14T21:24:12.495674,arin.net,208.67.222.220,A,"['192.136.136.47', '199.43.0.47']",,
2024-11-14T21:24:12.495674,archives.gov,208.67.222.220,A,"['52.44.89.206', '52.206.136.3']",,
2024-11-14T21:24:12.495674,arenaplus.net,208.67.220.220,A,"['104.18.36.57', '172.64.151.199']",,
2024-11-14T21:24:12.495674,arin.net,208.67.220.222,A,"['199.43.0.47', '192.136.136.47']",,
2024-11-14T21:24:12.495674,archives.gov,208.67.222.222,A,"['52.206.136.3', '52.44.89.206']",,
2024-11-14T21:24:12.495674,arenaplus.net,9.9.9.9,A,[],Timeout,Timeout occurred for domain: arenaplus.net on server: 9.9.9.9
2024-11-14T21:24:12.495674,arenaplus.net,208.67.222.220,A,"['104.18.36.57', '172.64.151.199']",,
2024-11-14T21:24:12.495674,arin.net,210.21.196.6,A,[],Timeout,Timeout occurred for domain: arin.net on server: 210.21.196.6
2024-11-14T21:24:12.495674,archlinux.org,8.8.8.8,A,['95.217.163.246'],,
2024-11-14T21:24:12.495674,arenaplus.net,9.9.9.10,A,"['172.64.151.199', '104.18.36.57']",,
2024-11-14T21:24:12.495674,arin.net,202.96.128.86,A,[],Timeout,Timeout occurred for domain: arin.net on server: 202.96.128.86
2024-11-14T21:24:12.495674,archives.gov,9.9.9.10,A,"['52.44.89.206', '52.206.136.3']",,
2024-11-14T21:24:12.495674,arenaplus.net,208.67.222.222,A,"['104.18.36.57', '172.64.151.199']",,
2024-11-14T21:24:12.495674,arenaplus.net,202.96.128.86,A,[],Timeout,Timeout occurred for domain: arenaplus.net on server: 202.96.128.86
2024-11-14T21:24:12.495674,ardmediathek.de,208.67.222.220,A,['128.242.240.59'],,
2024-11-14T21:24:12.495674,arin.net,101.226.4.6,A,"['192.136.136.47', '199.43.0.47']",,
2024-11-14T21:24:12.495674,arduino.cc,208.67.222.222,A,"['54.230.71.29', '54.230.71.38', '54.230.71.69', '54.230.71.111']",,
2024-11-14T21:24:12.495674,argos.co.uk,94.140.14.14,A,"['173.222.162.182', '173.222.162.183']",,
2024-11-14T21:24:12.495674,archive.is,2a10:50c0::ad1:ff,AAAA,['2a03:2880:f11b:83:face:b00c:0:25de'],,
2024-11-14T21:24:12.496674,archive-digger.com,2a10:50c0::ad2:ff,AAAA,['2620:1ec:bdf::59'],,
2024-11-14T21:24:12.496674,argos.co.uk,2a10:50c0::ad1:ff,AAAA,[],NoAnswer,No answer for domain: argos.co.uk on server: 2a10:50c0::ad1:ff
2024-11-14T21:24:12.496674,arduino.cc,8.8.4.4,A,"['54.230.71.29', '54.230.71.38', '54.230.71.69', '54.230.71.111']",,
2024-11-14T21:24:12.496674,arcpublishing.com,2620:fe::10,AAAA,[],NoAnswer,No answer for domain: arcpublishing.com on server: 2620:fe::10
2024-11-14T21:24:12.496674,archive.is,2a10:50c0::ad2:ff,AAAA,['2a03:2880:f12a:83:face:b00c:0:25de'],,
2024-11-14T21:24:12.496674,arcpublishing.com,2620:119:35::35,AAAA,[],NoAnswer,No answer for domain: arcpublishing.com on server: 2620:119:35::35
2024-11-14T21:24:12.496674,argos.co.uk,208.67.220.222,A,"['184.28.229.49', '184.28.229.56']",,
2024-11-14T21:24:12.496674,archives.gov,101.226.4.7,A,[],Timeout,Timeout occurred for domain: archives.gov on server: 101.226.4.7
2024-11-14T21:24:12.496674,archive.org,2606:4700:4700::1001,AAAA,['2a03:2880:f112:83:face:b00c:0:25de'],,
2024-11-14T21:24:12.496674,arcpublishing.com,2a10:50c0::ad2:ff,AAAA,[],NoAnswer,No answer for domain: arcpublishing.com on server: 2a10:50c0::ad2:ff
2024-11-14T21:24:12.496674,argos.co.uk,2a0c:a9c7:9::1,AAAA,[],NoAnswer,No answer for domain: argos.co.uk on server: 2a0c:a9c7:9::1
2024-11-14T21:24:12.496674,arenaplus.net,210.21.196.6,A,[],Timeout,Timeout occurred for domain: arenaplus.net on server: 210.21.196.6
2024-11-14T21:24:12.496674,ardmediathek.de,195.208.5.1,A,['34.120.237.106'],,
2024-11-14T21:24:12.496674,argos.co.uk,195.208.4.1,A,"['184.86.103.201', '184.86.103.198']",,
2024-11-14T21:24:12.496674,archive-digger.com,2606:4700:4700::1111,AAAA,['2620:1ec:29:1::70'],,
2024-11-14T21:24:12.496674,arcpublishing.com,2400:3200::1,AAAA,[],NoAnswer,No answer for domain: arcpublishing.com on server: 2400:3200::1
2024-11-14T21:24:12.496674,argos.co.uk,2620:0:ccd::2,AAAA,[],NoAnswer,No answer for domain: argos.co.uk on server: 2620:0:ccd::2
2024-11-14T21:24:12.496674,ardmediathek.de,208.67.220.222,A,['157.240.17.41'],,
2024-11-14T21:24:12.496674,arduino.cc,9.9.9.10,A,"['13.32.99.14', '13.32.99.85', '13.32.99.91', '13.32.99.45']",,
2024-11-14T21:24:12.496674,argos.co.uk,195.208.5.1,A,"['184.86.103.198', '184.86.103.201']",,
2024-11-14T21:24:12.496674,archive-digger.com,2001:4860:4860::8844,AAAA,['2620:1ec:bdf::69'],,
2024-11-14T21:24:12.496674,archive.org,2606:4700:4700::1111,AAAA,['2a03:2880:f12c:183:face:b00c:0:25de'],,
2024-11-14T21:24:12.496674,archlinux.org,2400:3200:baba::1,AAAA,['2a01:4f9:c010:6b1f::1'],,
2024-11-14T21:24:12.496674,argos.co.uk,2620:119:35::35,AAAA,[],NoAnswer,No answer for domain: argos.co.uk on server: 2620:119:35::35
2024-11-14T21:24:12.496674,ardmediathek.de,1.1.1.1,A,['69.171.224.40'],,
2024-11-14T21:24:12.496674,arduino.cc,195.208.4.1,A,"['18.165.140.101', '18.165.140.98', '18.165.140.97', '18.165.140.105']",,
2024-11-14T21:24:12.496674,argos.co.uk,62.76.62.76,A,"['184.86.103.201', '184.86.103.198']",,
2024-11-14T21:24:12.496674,archive-digger.com,2620:119:35::35,AAAA,['2620:1ec:bdf::73'],,
2024-11-14T21:24:12.496674,archive.org,2a02:6b8:0:1::feed:0ff,AAAA,['2001::400d:c04c'],,
2024-11-14T21:24:12.496674,archives.gov,9.9.9.9,A,[],Timeout,Timeout occurred for domain: archives.gov on server: 9.9.9.9
2024-11-14T21:24:12.496674,argos.co.uk,2620:119:53::53,AAAA,[],NoAnswer,No answer for domain: argos.co.uk on server: 2620:119:53::53
2024-11-14T21:24:12.496674,ardmediathek.de,195.208.4.1,A,['31.13.91.33'],,
2024-11-14T21:24:12.496674,arcpublishing.com,2a10:50c0::ad1:ff,AAAA,[],NoAnswer,No answer for domain: arcpublishing.com on server: 2a10:50c0::ad1:ff
2024-11-14T21:24:12.496674,archive-digger.com,2620:119:53::53,AAAA,['2620:1ec:bdf::73'],,
2024-11-14T21:24:12.496674,archive.org,2001:4860:4860::8844,AAAA,['2a03:2880:f117:83:face:b00c:0:25de'],,
2024-11-14T21:24:12.496674,arcpublishing.com,2620:0:ccc::2,AAAA,[],NoAnswer,No answer for domain: arcpublishing.com on server: 2620:0:ccc::2
2024-11-14T21:24:12.496674,argos.co.uk,2a0c:a9c7:8::1,AAAA,[],NoAnswer,No answer for domain: argos.co.uk on server: 2a0c:a9c7:8::1
2024-11-14T21:24:12.496674,arduino.cc,62.76.76.62,A,"['18.165.140.105', '18.165.140.98', '18.165.140.101', '18.165.140.97']",,
2024-11-14T21:24:12.496674,argos.co.uk,77.88.8.1,A,"['184.86.103.198', '184.86.103.201']",,
2024-11-14T21:24:12.496674,archive-digger.com,2620:0:ccd::2,AAAA,['2620:1ec:bdf::73'],,
2024-11-14T21:24:12.496674,archive.org,2a02:6b8::feed:0ff,AAAA,['2a03:2880:f130:83:face:b00c:0:25de'],,
2024-11-14T21:24:12.496674,arcpublishing.com,2620:0:ccd::2,AAAA,[],NoAnswer,No answer for domain: arcpublishing.com on server: 2620:0:ccd::2
2024-11-14T21:24:12.496674,argos.co.uk,2620:0:ccc::2,AAAA,[],NoAnswer,No answer for domain: argos.co.uk on server: 2620:0:ccc::2
2024-11-14T21:24:12.496674,ardmediathek.de,208.67.222.222,A,['128.121.243.235'],,
2024-11-14T21:24:12.496674,arduino.cc,62.76.62.76,A,"['3.164.240.31', '3.164.240.8', '3.164.240.68', '3.164.240.60']",,
2024-11-14T21:24:12.496674,argos.co.uk,62.76.76.62,A,"['184.86.103.198', '184.86.103.201']",,
2024-11-14T21:24:12.496674,archive-digger.com,2001:6d0:d6::2001,AAAA,['2620:1ec:bdf::54'],,
2024-11-14T21:24:12.496674,archives.gov,123.125.81.7,A,[],Timeout,Timeout occurred for domain: archives.gov on server: 123.125.81.7
2024-11-14T21:24:12.496674,arcpublishing.com,2001:4860:4860::8844,AAAA,[],NoAnswer,No answer for domain: arcpublishing.com on server: 2001:4860:4860::8844
2024-11-14T21:24:12.496674,argentina.gob.ar,2a10:50c0::ad2:ff,AAAA,"['2606:4700:20::681a:4b7', '2606:4700:20::ac43:4b23', '2606:4700:20::681a:5b7']",,
2024-11-14T21:24:12.496674,ardmediathek.de,208.67.220.220,A,['34.120.237.106'],,
2024-11-14T21:24:12.496674,arduino.cc,77.88.8.8,A,"['18.165.140.97', '18.165.140.101', '18.165.140.98', '18.165.140.105']",,
2024-11-14T21:24:12.496674,argos.co.uk,1.0.0.1,A,"['173.222.162.182', '173.222.162.183']",,
2024-11-14T21:24:12.496674,archive-digger.com,2620:fe::fe,AAAA,['2620:1ec:29:1::70'],,
2024-11-14T21:24:12.496674,archive.org,2001:4860:4860::8888,AAAA,['2a03:2880:f112:83:face:b00c:0:25de'],,
2024-11-14T21:24:12.496674,arcpublishing.com,2606:4700:4700::1111,AAAA,[],NoAnswer,No answer for domain: arcpublishing.com on server: 2606:4700:4700::1111
2024-11-14T21:24:12.496674,argentina.gob.ar,2400:3200::1,AAAA,"['2606:4700:20::681a:4b7', '2606:4700:20::681a:5b7', '2606:4700:20::ac43:4b23']",,
2024-11-14T21:24:12.496674,ardmediathek.de,77.88.8.8,A,['199.16.158.12'],,
2024-11-14T21:24:12.496674,arduino.cc,77.88.8.1,A,"['18.165.140.101', '18.165.140.105', '18.165.140.98', '18.165.140.97']",,
2024-11-14T21:24:12.496674,argos.co.uk,95.85.95.85,A,"['184.28.229.194', '184.28.229.243']",,
2024-11-14T21:24:12.496674,archive-digger.com,2620:fe::10,AAAA,['2620:1ec:bdf::70'],,
2024-11-14T21:24:12.496674,archive.org,2a03:90c0:9992::1,AAAA,['2a03:2880:f10c:83:face:b00c:0:25de'],,
2024-11-14T21:24:12.496674,arin.net,123.125.81.7,A,[],Timeout,Timeout occurred for domain: arin.net on server: 123.125.81.7
2024-11-14T21:24:12.496674,argos.co.uk,2620:fe::fe,AAAA,[],NoAnswer,No answer for domain: argos.co.uk on server: 2620:fe::fe
2024-11-14T21:24:12.496674,ardmediathek.de,9.9.9.10,A,['31.13.94.36'],,
2024-11-14T21:24:12.496674,ardmediathek.de,218.30.118.6,A,['31.13.88.26'],,
2024-11-14T21:24:12.496674,argos.co.uk,2.56.220.2,A,"['184.28.229.194', '184.28.229.243']",,
2024-11-14T21:24:12.496674,archive-digger.com,2a0c:a9c7:8::1,AAAA,['2620:1ec:29:1::67'],,
2024-11-14T21:24:12.496674,archive.is,2402:4e00::,AAAA,['2a03:2880:f126:83:face:b00c:0:25de'],,
2024-11-14T21:24:12.496674,arcpublishing.com,2001:4860:4860::8888,AAAA,[],NoAnswer,No answer for domain: arcpublishing.com on server: 2001:4860:4860::8888
2024-11-14T21:24:12.496674,argos.co.uk,2620:fe::10,AAAA,[],NoAnswer,No answer for domain: argos.co.uk on server: 2620:fe::10
2024-11-14T21:24:12.496674,ardmediathek.de,95.85.95.85,A,['119.28.87.227'],,
2024-11-14T21:24:12.496674,ardmediathek.de,211.136.17.107,A,['199.96.58.157'],,
2024-11-14T21:24:12.496674,argos.co.uk,77.88.8.8,A,"['184.86.103.198', '184.86.103.201']",,
2024-11-14T21:24:12.496674,archive-digger.com,2a0c:a9c7:9::1,AAAA,['2620:1ec:bdf::53'],,
2024-11-14T21:24:12.496674,archive.org,2a03:90c0:999d::1,AAAA,['2a03:2880:f12c:183:face:b00c:0:25de'],,
2024-11-14T21:24:12.496674,argos.co.uk,2001:6d0:6d0::2001,AAAA,[],NoAnswer,No answer for domain: argos.co.uk on server: 2001:6d0:6d0::2001
2024-11-14T21:24:12.496674,ardmediathek.de,2.56.220.2,A,['199.59.148.106'],,
2024-11-14T21:24:12.496674,archive-digger.com,2001:6d0:6d0::2001,AAAA,['2620:1ec:bdf::54'],,
2024-11-14T21:24:12.496674,argos.co.uk,8.8.4.4,A,"['23.199.34.107', '23.210.215.144']",,
2024-11-14T21:24:12.496674,archlinux.org,2402:4e00::,AAAA,['2a01:4f9:c010:6b1f::1'],,
2024-11-14T21:24:12.496674,argos.co.uk,2001:6d0:d6::2001,AAAA,[],NoAnswer,No answer for domain: argos.co.uk on server: 2001:6d0:d6::2001
2024-11-14T21:24:12.496674,ardmediathek.de,94.140.15.15,A,['108.160.165.8'],,
2024-11-14T21:24:12.496674,arin.net,101.226.4.7,A,[],Timeout,Timeout occurred for domain: arin.net on server: 101.226.4.7
2024-11-14T21:24:12.496674,argos.co.uk,1.1.1.1,A,"['23.193.119.214', '23.193.119.207']",,
2024-11-14T21:24:12.496674,archive-digger.com,2001:4860:4860::8888,AAAA,['2620:1ec:bdf::46'],,
2024-11-14T21:24:12.496674,archive.is,2620:0:ccd::2,AAAA,['2a03:2880:f11a:83:face:b00c:0:25de'],,
2024-11-14T21:24:12.496674,archlinux.org,2a10:50c0::ad2:ff,AAAA,['2a01:4f9:c010:6b1f::1'],,
2024-11-14T21:24:12.496674,argos.co.uk,2a02:6b8::feed:0ff,AAAA,[],NoAnswer,No answer for domain: argos.co.uk on server: 2a02:6b8::feed:0ff
2024-11-14T21:24:12.496674,ardmediathek.de,119.29.29.29,A,['168.143.162.58'],,
2024-11-14T21:24:12.496674,argos.co.uk,208.67.222.220,A,"['184.28.229.194', '184.28.229.243']",,
2024-11-14T21:24:12.496674,archive-it.org,2606:4700:4700::1111,AAAA,['2a03:2880:f10c:83:face:b00c:0:25de'],,
2024-11-14T21:24:12.496674,archlinux.org,2400:3200::1,AAAA,['2a01:4f9:c010:6b1f::1'],,
2024-11-14T21:24:12.496674,argos.co.uk,9.9.9.9,A,[],Timeout,Timeout occurred for domain: argos.co.uk on server: 9.9.9.9
2024-11-14T21:24:12.496674,ardmediathek.de,94.140.14.14,A,['168.143.171.189'],,
2024-11-14T21:24:12.496674,ardmediathek.de,180.76.76.76,A,['23.234.30.58'],,
2024-11-14T21:24:12.496674,archive-digger.com,2a10:50c0::ad1:ff,AAAA,['2620:1ec:bdf::59'],,
2024-11-14T21:24:12.496674,archive.is,2620:119:53::53,AAAA,['2001::a27d:5003'],,
2024-11-14T21:24:12.496674,archlinux.org,2a10:50c0::ad1:ff,AAAA,['2a01:4f9:c010:6b1f::1'],,
2024-11-14T21:24:12.496674,argentina.gob.ar,2620:0:ccd::2,AAAA,"['2606:4700:20::681a:5b7', '2606:4700:20::ac43:4b23', '2606:4700:20::681a:4b7']",,
2024-11-14T21:24:12.496674,ardmediathek.de,114.114.114.114,A,['66.220.148.145'],,
2024-11-14T21:24:12.496674,argos.co.uk,208.67.222.222,A,"['184.28.229.243', '184.28.229.194']",,
2024-11-14T21:24:12.496674,archive-it.org,2001:4860:4860::8844,AAAA,['2001::67fc:73a9'],,
2024-11-14T21:24:12.496674,archive.is,2620:0:ccc::2,AAAA,['2a03:2880:f10c:283:face:b00c:0:25de'],,
2024-11-14T21:24:12.496674,arduino.cc,195.208.5.1,A,"['3.164.240.68', '3.164.240.60', '3.164.240.31', '3.164.240.8']",,
2024-11-14T21:24:12.496674,ardmediathek.de,8.8.8.8,A,['199.16.156.103'],,
2024-11-14T21:24:12.496674,ardmediathek.de,114.114.115.115,A,['66.220.148.145'],,
2024-11-14T21:24:12.496674,argos.co.uk,208.67.220.220,A,"['184.28.229.194', '184.28.229.243']",,
2024-11-14T21:24:12.496674,archive.is,2620:fe::10,AAAA,['2a03:2880:f112:83:face:b00c:0:25de'],,
2024-11-14T21:24:12.496674,arcpublishing.com,2620:119:53::53,AAAA,[],NoAnswer,No answer for domain: arcpublishing.com on server: 2620:119:53::53
2024-11-14T21:24:12.496674,argentina.gob.ar,2a10:50c0::ad1:ff,AAAA,"['2606:4700:20::681a:5b7', '2606:4700:20::681a:4b7', '2606:4700:20::ac43:4b23']",,
2024-11-14T21:24:12.496674,ardmediathek.de,8.8.4.4,A,['108.160.169.185'],,
2024-11-14T21:24:12.496674,argentina.gob.ar,2620:119:53::53,AAAA,"['2606:4700:20::ac43:4b23', '2606:4700:20::681a:4b7', '2606:4700:20::681a:5b7']",,
2024-11-14T21:24:12.496674,argos.co.uk,8.8.8.8,A,"['23.219.172.166', '23.219.172.223']",,
2024-11-14T21:24:12.496674,arduino.cc,9.9.9.9,A,[],Timeout,Timeout occurred for domain: arduino.cc on server: 9.9.9.9
2024-11-14T21:24:12.496674,archive.is,2620:119:35::35,AAAA,['2a03:2880:f10c:83:face:b00c:0:25de'],,
2024-11-14T21:24:12.496674,argentina.gob.ar,2620:0:ccc::2,AAAA,"['2606:4700:20::681a:5b7', '2606:4700:20::ac43:4b23', '2606:4700:20::681a:4b7']",,
2024-11-14T21:24:12.496674,arduino.cc,95.85.95.85,A,"['54.230.71.29', '54.230.71.111', '54.230.71.69', '54.230.71.38']",,
2024-11-14T21:24:12.496674,arduino.cc,2.56.220.2,A,"['54.230.71.38', '54.230.71.111', '54.230.71.29', '54.230.71.69']",,
2024-11-14T21:24:12.496674,argos.co.uk,9.9.9.10,A,"['184.86.103.198', '184.86.103.201']",,
2024-11-14T21:24:12.496674,archive-it.org,2001:4860:4860::8888,AAAA,['2001::45ab:e50b'],,
2024-11-14T21:24:12.496674,archive.is,2400:3200:baba::1,AAAA,['2a03:2880:f10e:83:face:b00c:0:25de'],,
2024-11-14T21:24:12.496674,arcpublishing.com,2a0c:a9c7:8::1,AAAA,[],NoAnswer,No answer for domain: arcpublishing.com on server: 2a0c:a9c7:8::1
2024-11-14T21:24:12.496674,argos.co.uk,2a03:90c0:999d::1,AAAA,[],NoAnswer,No answer for domain: argos.co.uk on server: 2a03:90c0:999d::1
2024-11-14T21:24:12.496674,arduino.cc,1.0.0.1,A,"['18.164.174.124', '18.164.174.75', '18.164.174.120', '18.164.174.68']",,
2024-11-14T21:24:12.496674,archive.is,2400:da00::6666,AAAA,[],Timeout,Timeout occurred for domain: archive.is on server: 2400:da00::6666
2024-11-14T21:24:12.496674,archive-digger.com,2402:4e00::,AAAA,['2620:1ec:bdf::59'],,
2024-11-14T21:24:12.496674,archive.is,2620:fe::fe,AAAA,['2a03:2880:f112:83:face:b00c:0:25de'],,
2024-11-14T21:24:12.496674,arcpublishing.com,2a0c:a9c7:9::1,AAAA,[],NoAnswer,No answer for domain: arcpublishing.com on server: 2a0c:a9c7:9::1
2024-11-14T21:24:12.496674,archlinux.org,2400:da00::6666,AAAA,[],Timeout,Timeout occurred for domain: archlinux.org on server: 2400:da00::6666
2024-11-14T21:24:12.496674,ardmediathek.de,202.96.128.86,A,[],Timeout,Timeout occurred for domain: ardmediathek.de on server: 202.96.128.86
2024-11-14T21:24:12.496674,arduino.cc,8.8.8.8,A,"['54.230.71.69', '54.230.71.38', '54.230.71.111', '54.230.71.29']",,
2024-11-14T21:24:12.496674,argos.co.uk,2a02:6b8:0:1::feed:0ff,AAAA,[],NoAnswer,No answer for domain: argos.co.uk on server: 2a02:6b8:0:1::feed:0ff
2024-11-14T21:24:12.496674,ardmediathek.de,210.21.196.6,A,[],Timeout,Timeout occurred for domain: ardmediathek.de on server: 210.21.196.6
2024-11-14T21:24:12.497674,archive.is,2a0c:a9c7:9::1,AAAA,['2a03:2880:f10c:283:face:b00c:0:25de'],,
2024-11-14T21:24:12.497674,arcpublishing.com,2a02:6b8::feed:0ff,AAAA,[],NoAnswer,No answer for domain: arcpublishing.com on server: 2a02:6b8::feed:0ff
2024-11-14T21:24:12.497674,argos.co.uk,2606:4700:4700::1111,AAAA,[],NoAnswer,No answer for domain: argos.co.uk on server: 2606:4700:4700::1111
2024-11-14T21:24:12.497674,arizona-rp.com,101.226.4.7,A,[],Timeout,Timeout occurred for domain: arizona-rp.com on server: 101.226.4.7
2024-11-14T21:24:12.497674,arcticwolf.net,101.226.4.7,A,[],Timeout,Timeout occurred for domain: arcticwolf.net on server: 101.226.4.7
2024-11-14T21:24:12.497674,archive-digger.com,2400:3200::1,AAAA,['2620:1ec:bdf::46'],,
2024-11-14T21:24:12.497674,archive.is,2400:3200::1,AAAA,['2a03:2880:f10e:83:face:b00c:0:25de'],,
2024-11-14T21:24:12.497674,arcpublishing.com,2001:6d0:d6::2001,AAAA,[],NoAnswer,No answer for domain: arcpublishing.com on server: 2001:6d0:d6::2001
2024-11-14T21:24:12.497674,argos.co.uk,2606:4700:4700::1001,AAAA,[],NoAnswer,No answer for domain: argos.co.uk on server: 2606:4700:4700::1001
2024-11-14T21:24:12.497674,argentina.gob.ar,123.125.81.6,A,"['172.67.75.35', '104.26.5.183', '104.26.4.183']",,
2024-11-14T21:24:12.497674,arcticwolf.net,101.226.4.6,A,['146.148.100.16'],,
2024-11-14T21:24:12.497674,arduino.cc,1.1.1.1,A,"['3.166.216.111', '3.166.216.38', '3.166.216.7', '3.166.216.108']",,
2024-11-14T21:24:12.497674,archive-digger.com,2400:3200:baba::1,AAAA,['2620:1ec:bdf::46'],,
2024-11-14T21:24:12.497674,archive.is,2a0c:a9c7:8::1,AAAA,['2001::d238:33c0'],,
2024-11-14T21:24:12.497674,arcpublishing.com,2001:6d0:6d0::2001,AAAA,[],NoAnswer,No answer for domain: arcpublishing.com on server: 2001:6d0:6d0::2001
2024-11-14T21:24:12.497674,argentina.gob.ar,2620:fe::10,AAAA,"['2606:4700:20::ac43:4b23', '2606:4700:20::681a:5b7', '2606:4700:20::681a:4b7']",,
2024-11-14T21:24:12.497674,ardmediathek.de,62.76.62.76,A,['103.252.115.153'],,
2024-11-14T21:24:12.497674,argentina.gob.ar,123.125.81.7,A,[],Timeout,Timeout occurred for domain: argentina.gob.ar on server: 123.125.81.7
2024-11-14T21:24:12.497674,ardmediathek.de,101.226.4.6,A,['31.13.94.37'],,
2024-11-14T21:24:12.497674,archive-digger.com,2620:0:ccc::2,AAAA,['2620:1ec:bdf::73'],,
2024-11-14T21:24:12.497674,arcpublishing.com,2620:fe::fe,AAAA,[],NoAnswer,No answer for domain: arcpublishing.com on server: 2620:fe::fe
2024-11-14T21:24:12.497674,argentina.gob.ar,2620:119:35::35,AAAA,"['2606:4700:20::ac43:4b23', '2606:4700:20::681a:4b7', '2606:4700:20::681a:5b7']",,
2024-11-14T21:24:12.497674,ardmediathek.de,77.88.8.1,A,['108.160.162.102'],,
2024-11-14T21:24:12.497674,argentina.gob.ar,101.226.4.6,A,"['172.67.75.35', '104.26.5.183', '104.26.4.183']",,
2024-11-14T21:24:12.497674,argos.co.uk,2a03:90c0:9992::1,AAAA,[],NoAnswer,No answer for domain: argos.co.uk on server: 2a03:90c0:9992::1
2024-11-14T21:24:12.497674,archive.is,2001:6d0:6d0::2001,AAAA,['2a03:2880:f10d:183:face:b00c:0:25de'],,
2024-11-14T21:24:12.497674,arcticwolf.net,123.125.81.7,A,[],Timeout,Timeout occurred for domain: arcticwolf.net on server: 123.125.81.7
2024-11-14T21:24:12.497674,argos.co.uk,2001:4860:4860::8888,AAAA,[],NoAnswer,No answer for domain: argos.co.uk on server: 2001:4860:4860::8888
2024-11-14T21:24:12.497674,ardmediathek.de,62.76.76.62,A,['199.59.148.229'],,
2024-11-14T21:24:12.497674,ardmediathek.de,223.5.5.5,A,['31.13.90.19'],,
2024-11-14T21:24:12.497674,argentina.gob.ar,218.30.118.6,A,"['104.26.4.183', '104.26.5.183', '172.67.75.35']",,
2024-11-14T21:24:12.497674,archive-digger.com,2a03:90c0:9992::1,AAAA,['2620:1ec:bdf::59'],,
2024-11-14T21:24:12.497674,archive.is,2001:6d0:d6::2001,AAAA,['2a03:2880:f10f:83:face:b00c:0:25de'],,
2024-11-14T21:24:12.497674,arcpublishing.com,2a02:6b8:0:1::feed:0ff,AAAA,[],NoAnswer,No answer for domain: arcpublishing.com on server: 2a02:6b8:0:1::feed:0ff
2024-11-14T21:24:12.497674,argos.co.uk,2001:4860:4860::8844,AAAA,[],NoAnswer,No answer for domain: argos.co.uk on server: 2001:4860:4860::8844
2024-11-14T21:24:12.497674,ardmediathek.de,1.0.0.1,A,['104.244.46.17'],,
2024-11-14T21:24:12.497674,ardmediathek.de,223.6.6.6,A,['31.13.90.19'],,
2024-11-14T21:24:12.497674,argentina.gob.ar,211.136.17.107,A,"['104.26.5.183', '104.26.4.183', '172.67.75.35']",,
2024-11-14T21:24:12.497674,archive-digger.com,2a02:6b8::feed:0ff,AAAA,['2620:1ec:29:1::67'],,
2024-11-14T21:24:12.497674,archive.is,2a03:90c0:9992::1,AAAA,['2a03:2880:f12d:83:face:b00c:0:25de'],,
2024-11-14T21:24:12.497674,arcpublishing.com,2606:4700:4700::1001,AAAA,[],NoAnswer,No answer for domain: arcpublishing.com on server: 2606:4700:4700::1001
2024-11-14T21:24:12.497674,argentina.gob.ar,2402:4e00::,AAAA,"['2606:4700:20::681a:4b7', '2606:4700:20::ac43:4b23', '2606:4700:20::681a:5b7']",,
2024-11-14T21:24:12.497674,argentina.gob.ar,101.226.4.7,A,[],Timeout,Timeout occurred for domain: argentina.gob.ar on server: 101.226.4.7
2024-11-14T21:24:12.497674,ardmediathek.de,123.125.81.6,A,['31.13.94.37'],,
2024-11-14T21:24:12.497674,argos.co.uk,94.140.15.15,A,"['173.222.162.183', '173.222.162.182']",,
2024-11-14T21:24:12.497674,archive-digger.com,2606:4700:4700::1001,AAAA,['2620:1ec:bdf::70'],,
2024-11-14T21:24:12.497674,archive.is,2a02:6b8::feed:0ff,AAAA,['2001::a27d:5005'],,
2024-11-14T21:24:12.497674,archive-digger.com,2400:da00::6666,AAAA,[],Timeout,Timeout occurred for domain: archive-digger.com on server: 2400:da00::6666
2024-11-14T21:24:12.497674,ardmediathek.de,101.226.4.7,A,[],Timeout,Timeout occurred for domain: ardmediathek.de on server: 101.226.4.7
2024-11-14T21:24:12.497674,argos.co.uk,114.114.114.114,A,"['23.219.172.166', '23.219.172.223']",,
2024-11-14T21:24:12.497674,archive-digger.com,2a03:90c0:999d::1,AAAA,['2620:1ec:bdf::59'],,
2024-11-14T21:24:12.497674,archive.is,2a02:6b8:0:1::feed:0ff,AAAA,['2a03:2880:f11b:83:face:b00c:0:25de'],,
2024-11-14T21:24:12.497674,arcpublishing.com,2a03:90c0:9992::1,AAAA,[],NoAnswer,No answer for domain: arcpublishing.com on server: 2a03:90c0:9992::1
2024-11-14T21:24:12.497674,argentina.gob.ar,2400:3200:baba::1,AAAA,"['2606:4700:20::ac43:4b23', '2606:4700:20::681a:5b7', '2606:4700:20::681a:4b7']",,
2024-11-14T21:24:12.497674,archive.is,208.67.222.220,A,['162.125.32.13'],,
2024-11-14T21:24:12.497674,arduino.cc,2a10:50c0::ad2:ff,AAAA,[],NoAnswer,No answer for domain: arduino.cc on server: 2a10:50c0::ad2:ff
2024-11-14T21:24:12.497674,archive.is,208.67.220.222,A,['173.252.88.67'],,
2024-11-14T21:24:12.497674,arduino.cc,2a10:50c0::ad1:ff,AAAA,[],NoAnswer,No answer for domain: arduino.cc on server: 2a10:50c0::ad1:ff
2024-11-14T21:24:12.497674,archive.is,9.9.9.10,A,['168.143.162.42'],,
2024-11-14T21:24:12.497674,arenaplus.net,2a02:6b8::feed:0ff,AAAA,[],NoAnswer,No answer for domain: arenaplus.net on server: 2a02:6b8::feed:0ff
2024-11-14T21:24:12.497674,archive-it.org,119.29.29.29,A,['23.225.141.210'],,
2024-11-14T21:24:12.497674,arduino.cc,2400:3200:baba::1,AAAA,[],NoAnswer,No answer for domain: arduino.cc on server: 2400:3200:baba::1
2024-11-14T21:24:12.497674,archive.is,77.88.8.1,A,['103.252.114.101'],,
2024-11-14T21:24:12.497674,arduino.cc,2620:119:35::35,AAAA,[],NoAnswer,No answer for domain: arduino.cc on server: 2620:119:35::35
2024-11-14T21:24:12.497674,argentina.gob.ar,117.50.11.11,A,"['104.26.4.183', '172.67.75.35', '104.26.5.183']",,
2024-11-14T21:24:12.497674,arduino.cc,2620:119:53::53,AAAA,[],NoAnswer,No answer for domain: arduino.cc on server: 2620:119:53::53
2024-11-14T21:24:12.497674,archive.is,1.1.1.1,A,['159.106.121.75'],,
2024-11-14T21:24:12.497674,archive-digger.com,2a02:6b8:0:1::feed:0ff,AAAA,['2620:1ec:29:1::72'],,
2024-11-14T21:24:12.497674,archive-it.org,180.76.76.76,A,['162.125.34.133'],,
2024-11-14T21:24:12.497674,archive.is,208.67.220.220,A,['65.49.26.97'],,
2024-11-14T21:24:12.497674,arduino.cc,2620:fe::fe,AAAA,[],NoAnswer,No answer for domain: arduino.cc on server: 2620:fe::fe
2024-11-14T21:24:12.497674,archive.is,195.208.5.1,A,['192.133.77.191'],,
2024-11-14T21:24:12.497674,arenaplus.net,2a0c:a9c7:9::1,AAAA,[],NoAnswer,No answer for domain: arenaplus.net on server: 2a0c:a9c7:9::1
2024-11-14T21:24:12.497674,arcpublishing.com,2a03:90c0:999d::1,AAAA,[],NoAnswer,No answer for domain: arcpublishing.com on server: 2a03:90c0:999d::1
2024-11-14T21:24:12.497674,arduino.cc,2620:fe::10,AAAA,[],NoAnswer,No answer for domain: arduino.cc on server: 2620:fe::10
2024-11-14T21:24:12.497674,archive.is,208.67.222.222,A,['199.59.149.205'],,
2024-11-14T21:24:12.497674,archive.is,8.8.8.8,A,['157.240.3.8'],,
2024-11-14T21:24:12.497674,arduino.cc,2a0c:a9c7:8::1,AAAA,[],NoAnswer,No answer for domain: arduino.cc on server: 2a0c:a9c7:8::1
2024-11-14T21:24:12.497674,archive.is,8.8.4.4,A,['199.59.150.39'],,
2024-11-14T21:24:12.497674,arduino.cc,2a0c:a9c7:9::1,AAAA,[],NoAnswer,No answer for domain: arduino.cc on server: 2a0c:a9c7:9::1
2024-11-14T21:24:12.497674,archive-it.org,218.30.118.6,A,['98.159.108.61'],,
2024-11-14T21:24:12.497674,arenaplus.net,2001:4860:4860::8844,AAAA,[],NoAnswer,No answer for domain: arenaplus.net on server: 2001:4860:4860::8844
2024-11-14T21:24:12.497674,arenaplus.net,2001:6d0:d6::2001,AAAA,[],NoAnswer,No answer for domain: arenaplus.net on server: 2001:6d0:d6::2001
2024-11-14T21:24:12.497674,arenaplus.net,2a0c:a9c7:8::1,AAAA,[],NoAnswer,No answer for domain: arenaplus.net on server: 2a0c:a9c7:8::1
2024-11-14T21:24:12.497674,arduino.cc,2402:4e00::,AAAA,[],NoAnswer,No answer for domain: arduino.cc on server: 2402:4e00::
2024-11-14T21:24:12.497674,arenaplus.net,2a02:6b8:0:1::feed:0ff,AAAA,[],NoAnswer,No answer for domain: arenaplus.net on server: 2a02:6b8:0:1::feed:0ff
2024-11-14T21:24:12.497674,ardmediathek.de,123.125.81.7,A,[],Timeout,Timeout occurred for domain: ardmediathek.de on server: 123.125.81.7
2024-11-14T21:24:12.497674,archive-it.org,123.125.81.6,A,['202.160.128.238'],,
2024-11-14T21:24:12.497674,arenaplus.net,2606:4700:4700::1111,AAAA,[],NoAnswer,No answer for domain: arenaplus.net on server: 2606:4700:4700::1111
2024-11-14T21:24:12.497674,archive-it.org,101.226.4.6,A,['128.121.243.106'],,
2024-11-14T21:24:12.497674,arenaplus.net,2001:6d0:6d0::2001,AAAA,[],NoAnswer,No answer for domain: arenaplus.net on server: 2001:6d0:6d0::2001
2024-11-14T21:24:12.497674,archive.is,62.76.62.76,A,['199.59.149.234'],,
2024-11-14T21:24:12.497674,ardmediathek.de,9.9.9.9,A,[],Timeout,Timeout occurred for domain: ardmediathek.de on server: 9.9.9.9
2024-11-14T21:24:12.497674,archive.is,195.208.4.1,A,['173.208.182.68'],,
2024-11-14T21:24:12.497674,arduino.cc,2400:3200::1,AAAA,[],NoAnswer,No answer for domain: arduino.cc on server: 2400:3200::1
2024-11-14T21:24:12.497674,archive.is,62.76.76.62,A,['157.240.10.41'],,
2024-11-14T21:24:12.497674,ardmediathek.de,117.50.11.11,A,['185.60.216.50'],,
2024-11-14T21:24:12.497674,arduino.cc,2620:0:ccd::2,AAAA,[],NoAnswer,No answer for domain: arduino.cc on server: 2620:0:ccd::2
2024-11-14T21:24:12.497674,archive-it.org,211.136.17.107,A,['162.125.2.3'],,
2024-11-14T21:24:12.497674,arenaplus.net,2606:4700:4700::1001,AAAA,[],NoAnswer,No answer for domain: arenaplus.net on server: 2606:4700:4700::1001
2024-11-14T21:24:12.497674,argentina.gob.ar,2400:da00::6666,AAAA,[],Timeout,Timeout occurred for domain: argentina.gob.ar on server: 2400:da00::6666
2024-11-14T21:24:12.497674,arenaplus.net,2a03:90c0:999d::1,AAAA,[],NoAnswer,No answer for domain: arenaplus.net on server: 2a03:90c0:999d::1
2024-11-14T21:24:12.497674,archive.is,2.56.220.2,A,['192.133.77.197'],,
2024-11-14T21:24:12.497674,arduino.cc,2001:6d0:6d0::2001,AAAA,[],NoAnswer,No answer for domain: arduino.cc on server: 2001:6d0:6d0::2001
2024-11-14T21:24:12.497674,archive.is,77.88.8.8,A,['162.125.32.10'],,
2024-11-14T21:24:12.497674,arduino.cc,2001:6d0:d6::2001,AAAA,[],NoAnswer,No answer for domain: arduino.cc on server: 2001:6d0:d6::2001
2024-11-14T21:24:12.497674,archive.is,9.9.9.9,A,[],Timeout,Timeout occurred for domain: archive.is on server: 9.9.9.9
2024-11-14T21:24:12.497674,archive.is,95.85.95.85,A,['74.86.17.48'],,
2024-11-14T21:24:12.497674,arenaplus.net,2001:4860:4860::8888,AAAA,[],NoAnswer,No answer for domain: arenaplus.net on server: 2001:4860:4860::8888
2024-11-14T21:24:12.497674,archive.is,1.0.0.1,A,['103.252.115.59'],,
2024-11-14T21:24:12.497674,arduino.cc,2620:0:ccc::2,AAAA,[],NoAnswer,No answer for domain: arduino.cc on server: 2620:0:ccc::2
2024-11-14T21:24:12.497674,archive-it.org,202.96.128.86,A,[],Timeout,Timeout occurred for domain: archive-it.org on server: 202.96.128.86
2024-11-14T21:24:12.497674,arin.net,62.76.62.76,A,"['192.136.136.47', '199.43.0.47']",,
2024-11-14T21:24:12.497674,archive-it.org,2620:fe::fe,AAAA,['2a03:2880:f136:83:face:b00c:0:25de'],,
2024-11-14T21:24:12.497674,archiveofourown.org,2620:fe::fe,AAAA,['2a03:2880:f134:183:face:b00c:0:25de'],,
2024-11-14T21:24:12.497674,archive-it.org,123.125.81.7,A,[],Timeout,Timeout occurred for domain: archive-it.org on server: 123.125.81.7
2024-11-14T21:24:12.497674,arcticwolf.net,8.8.4.4,A,['146.148.100.16'],,
2024-11-14T21:24:12.497674,arin.net,2a02:6b8:0:1::feed:0ff,AAAA,"['2001:500:4:201::47', '2001:500:110:201::47']",,
2024-11-14T21:24:12.497674,archive-it.org,101.226.4.7,A,[],Timeout,Timeout occurred for domain: archive-it.org on server: 101.226.4.7
2024-11-14T21:24:12.497674,archiveofourown.org,2a0c:a9c7:9::1,AAAA,['2a03:2880:f127:283:face:b00c:0:25de'],,
2024-11-14T21:24:12.497674,arin.net,2400:3200::1,AAAA,"['2001:500:4:201::47', '2001:500:110:201::47']",,
2024-11-14T21:24:12.497674,arcticwolf.net,1.1.1.1,A,['146.148.100.16'],,
2024-11-14T21:24:12.497674,archive.is,2606:4700:4700::1111,AAAA,['2a03:2880:f127:283:face:b00c:0:25de'],,
2024-11-14T21:24:12.497674,arin.net,62.76.76.62,A,"['199.43.0.47', '192.136.136.47']",,
2024-11-14T21:24:12.497674,arin.net,2a10:50c0::ad2:ff,AAAA,"['2001:500:4:201::47', '2001:500:110:201::47']",,
2024-11-14T21:24:12.497674,archive-it.org,2a03:90c0:999d::1,AAAA,['2001::9df0:224'],,
2024-11-14T21:24:12.497674,archiveofourown.org,2620:fe::10,AAAA,['2a03:2880:f10c:83:face:b00c:0:25de'],,
2024-11-14T21:24:12.497674,arin.net,2620:119:35::35,AAAA,"['2001:500:110:201::47', '2001:500:4:201::47']",,
2024-11-14T21:24:12.497674,arcticwolf.net,8.8.8.8,A,['146.148.100.16'],,
2024-11-14T21:24:12.497674,arenaplus.net,2a03:90c0:9992::1,AAAA,[],NoAnswer,No answer for domain: arenaplus.net on server: 2a03:90c0:9992::1
2024-11-14T21:24:12.497674,archive-it.org,2620:119:35::35,AAAA,['2a03:2880:f136:83:face:b00c:0:25de'],,
2024-11-14T21:24:12.497674,archiveofourown.org,2620:119:35::35,AAAA,['2001::d15f:383c'],,
2024-11-14T21:24:12.497674,argos.co.uk,123.125.81.6,A,"['184.28.229.194', '184.28.229.243']",,
2024-11-14T21:24:12.497674,arcpublishing.com,223.5.5.5,A,"['18.238.238.97', '18.238.238.104', '18.238.238.107', '18.238.238.26']",,
2024-11-14T21:24:12.497674,arin.net,77.88.8.8,A,"['192.136.136.47', '199.43.0.47']",,
2024-11-14T21:24:12.497674,arin.net,2001:6d0:6d0::2001,AAAA,"['2001:500:4:201::47', '2001:500:110:201::47']",,
2024-11-14T21:24:12.498674,archive-it.org,2a0c:a9c7:9::1,AAAA,['2a03:2880:f10d:83:face:b00c:0:25de'],,
2024-11-14T21:24:12.498674,arin.net,2620:0:ccc::2,AAAA,"['2001:500:110:201::47', '2001:500:4:201::47']",,
2024-11-14T21:24:12.498674,arcpublishing.com,223.6.6.6,A,"['18.65.3.60', '18.65.3.103', '18.65.3.89', '18.65.3.5']",,
2024-11-14T21:24:12.498674,archives.gov,2620:fe::10,AAAA,"['2600:1f18:43e8:f302:b470:d266:4d03:3ed8', '2600:1f18:43e8:f301:9046:c05f:75e7:c481']",,
2024-11-14T21:24:12.498674,archives.gov,2620:119:35::35,AAAA,"['2600:1f18:43e8:f302:b470:d266:4d03:3ed8', '2600:1f18:43e8:f301:9046:c05f:75e7:c481']",,
2024-11-14T21:24:12.498674,arin.net,95.85.95.85,A,"['192.136.136.47', '199.43.0.47']",,
2024-11-14T21:24:12.498674,arcpublishing.com,101.226.4.6,A,"['3.165.82.48', '3.165.82.84', '3.165.82.118', '3.165.82.73']",,
2024-11-14T21:24:12.498674,arin.net,2.56.220.2,A,"['199.43.0.47', '192.136.136.47']",,
2024-11-14T21:24:12.498674,archive-it.org,2001:6d0:6d0::2001,AAAA,['2a03:2880:f117:83:face:b00c:0:25de'],,
2024-11-14T21:24:12.498674,archives.gov,2a02:6b8::feed:0ff,AAAA,"['2600:1f18:43e8:f301:9046:c05f:75e7:c481', '2600:1f18:43e8:f302:b470:d266:4d03:3ed8']",,
2024-11-14T21:24:12.498674,archive-it.org,210.21.196.6,A,[],Timeout,Timeout occurred for domain: archive-it.org on server: 210.21.196.6
2024-11-14T21:24:12.498674,archive-it.org,117.50.11.11,A,[],Timeout,Timeout occurred for domain: archive-it.org on server: 117.50.11.11
2024-11-14T21:24:12.498674,argos.co.uk,101.226.4.6,A,"['184.28.229.194', '184.28.229.243']",,
2024-11-14T21:24:12.498674,archives.gov,2a02:6b8:0:1::feed:0ff,AAAA,"['2600:1f18:43e8:f302:b470:d266:4d03:3ed8', '2600:1f18:43e8:f301:9046:c05f:75e7:c481']",,
2024-11-14T21:24:12.498674,arin.net,2620:119:53::53,AAAA,"['2001:500:4:201::47', '2001:500:110:201::47']",,
2024-11-14T21:24:12.498674,arcpublishing.com,114.114.114.114,A,"['3.165.82.73', '3.165.82.118', '3.165.82.84']",,
2024-11-14T21:24:12.498674,arduino.cc,2400:da00::6666,AAAA,[],Timeout,Timeout occurred for domain: arduino.cc on server: 2400:da00::6666
2024-11-14T21:24:12.498674,archive.is,2001:4860:4860::8844,AAAA,['2a03:2880:f10a:83:face:b00c:0:25de'],,
2024-11-14T21:24:12.498674,argos.co.uk,218.30.118.6,A,"['184.28.229.243', '184.28.229.194']",,
2024-11-14T21:24:12.498674,argos.co.uk,2400:3200::1,AAAA,[],NoAnswer,No answer for domain: argos.co.uk on server: 2400:3200::1
2024-11-14T21:24:12.498674,arcpublishing.com,114.114.115.115,A,"['3.165.82.118', '3.165.82.84', '3.165.82.48']",,
2024-11-14T21:24:12.498674,arcticwolf.net,1.0.0.1,A,['146.148.100.16'],,
2024-11-14T21:24:12.498674,archive.is,2a03:90c0:999d::1,AAAA,['2001::4b7e:8783'],,
2024-11-14T21:24:12.498674,archives.gov,2a0c:a9c7:9::1,AAAA,"['2600:1f18:43e8:f302:b470:d266:4d03:3ed8', '2600:1f18:43e8:f301:9046:c05f:75e7:c481']",,
2024-11-14T21:24:12.498674,arin.net,195.208.5.1,A,"['199.43.0.47', '192.136.136.47']",,
2024-11-14T21:24:12.498674,archives.gov,2620:fe::fe,AAAA,"['2600:1f18:43e8:f302:b470:d266:4d03:3ed8', '2600:1f18:43e8:f301:9046:c05f:75e7:c481']",,
2024-11-14T21:24:12.498674,arin.net,2402:4e00::,AAAA,"['2001:500:4:201::47', '2001:500:110:201::47']",,
2024-11-14T21:24:12.498674,archive-it.org,2402:4e00::,AAAA,['2a03:2880:f10f:83:face:b00c:0:25de'],,
2024-11-14T21:24:12.498674,archives.gov,2a0c:a9c7:8::1,AAAA,"['2600:1f18:43e8:f302:b470:d266:4d03:3ed8', '2600:1f18:43e8:f301:9046:c05f:75e7:c481']",,
2024-11-14T21:24:12.498674,arcpublishing.com,123.125.81.6,A,"['3.165.82.48', '3.165.82.84', '3.165.82.118', '3.165.82.73']",,
2024-11-14T21:24:12.498674,arin.net,77.88.8.1,A,"['192.136.136.47', '199.43.0.47']",,
2024-11-14T21:24:12.498674,argos.co.uk,2a10:50c0::ad2:ff,AAAA,[],NoAnswer,No answer for domain: argos.co.uk on server: 2a10:50c0::ad2:ff
2024-11-14T21:24:12.498674,arin.net,2001:6d0:d6::2001,AAAA,"['2001:500:110:201::47', '2001:500:4:201::47']",,
2024-11-14T21:24:12.498674,archive-it.org,2400:3200::1,AAAA,['2a03:2880:f111:83:face:b00c:0:25de'],,
2024-11-14T21:24:12.498674,arin.net,195.208.4.1,A,"['199.43.0.47', '192.136.136.47']",,
2024-11-14T21:24:12.498674,archives.gov,2a03:90c0:9992::1,AAAA,"['2600:1f18:43e8:f301:9046:c05f:75e7:c481', '2600:1f18:43e8:f302:b470:d266:4d03:3ed8']",,
2024-11-14T21:24:12.498674,arin.net,2a0c:a9c7:9::1,AAAA,"['2001:500:110:201::47', '2001:500:4:201::47']",,
2024-11-14T21:24:12.498674,arcticwolf.net,195.208.4.1,A,['146.148.100.16'],,
2024-11-14T21:24:12.498674,archive.is,2001:4860:4860::8888,AAAA,['2a03:2880:f10d:183:face:b00c:0:25de'],,
2024-11-14T21:24:12.498674,argos.co.uk,180.76.76.76,A,"['184.28.229.243', '184.28.229.194']",,
2024-11-14T21:24:12.498674,arin.net,2a02:6b8::feed:0ff,AAAA,"['2001:500:110:201::47', '2001:500:4:201::47']",,
2024-11-14T21:24:12.498674,argos.co.uk,223.5.5.5,A,"['23.200.143.68', '23.200.143.84']",,
2024-11-14T21:24:12.498674,archive-it.org,2620:0:ccd::2,AAAA,['2a03:2880:f112:83:face:b00c:0:25de'],,
2024-11-14T21:24:12.498674,arcticwolf.net,62.76.76.62,A,['146.148.100.16'],,
2024-11-14T21:24:12.498674,arin.net,2400:3200:baba::1,AAAA,"['2001:500:4:201::47', '2001:500:110:201::47']",,
2024-11-14T21:24:12.498674,archives.gov,2606:4700:4700::1001,AAAA,"['2600:1f18:43e8:f302:b470:d266:4d03:3ed8', '2600:1f18:43e8:f301:9046:c05f:75e7:c481']",,
2024-11-14T21:24:12.498674,argos.co.uk,119.29.29.29,A,"['23.219.172.166', '23.219.172.223']",,
2024-11-14T21:24:12.498674,archive-it.org,2a10:50c0::ad2:ff,AAAA,['2a03:2880:f134:183:face:b00c:0:25de'],,
2024-11-14T21:24:12.498674,arcticwolf.net,62.76.62.76,A,['146.148.100.16'],,
2024-11-14T21:24:12.498674,arcticwolf.net,2.56.220.2,A,['146.148.100.16'],,
2024-11-14T21:24:12.498674,archive-it.org,2a10:50c0::ad1:ff,AAAA,['2001::a27d:5301'],,
2024-11-14T21:24:12.498674,archives.gov,2a03:90c0:999d::1,AAAA,"['2600:1f18:43e8:f302:b470:d266:4d03:3ed8', '2600:1f18:43e8:f301:9046:c05f:75e7:c481']",,
2024-11-14T21:24:12.498674,archives.gov,2001:4860:4860::8844,AAAA,"['2600:1f18:43e8:f301:9046:c05f:75e7:c481', '2600:1f18:43e8:f302:b470:d266:4d03:3ed8']",,
2024-11-14T21:24:12.498674,arin.net,2620:fe::fe,AAAA,"['2001:500:4:201::47', '2001:500:110:201::47']",,
2024-11-14T21:24:12.498674,arcpublishing.com,101.226.4.7,A,[],Timeout,Timeout occurred for domain: arcpublishing.com on server: 101.226.4.7
2024-11-14T21:24:12.498674,arcticwolf.net,77.88.8.1,A,['146.148.100.16'],,
2024-11-14T21:24:12.498674,archive-it.org,2a02:6b8:0:1::feed:0ff,AAAA,['2001::6ca0:a7a7'],,
2024-11-14T21:24:12.498674,archives.gov,2606:4700:4700::1111,AAAA,"['2600:1f18:43e8:f301:9046:c05f:75e7:c481', '2600:1f18:43e8:f302:b470:d266:4d03:3ed8']",,
2024-11-14T21:24:12.498674,arcticwolf.net,95.85.95.85,A,['146.148.100.16'],,
2024-11-14T21:24:12.498674,arin.net,2a03:90c0:9992::1,AAAA,"['2001:500:4:201::47', '2001:500:110:201::47']",,
2024-11-14T21:24:12.498674,archive-it.org,2001:6d0:d6::2001,AAAA,['2001::d2d1:548e'],,
2024-11-14T21:24:12.498674,arin.net,9.9.9.10,A,"['199.43.0.47', '192.136.136.47']",,
2024-11-14T21:24:12.498674,arin.net,2400:da00::6666,AAAA,[],Timeout,Timeout occurred for domain: arin.net on server: 2400:da00::6666
2024-11-14T21:24:12.498674,arin.net,2a03:90c0:999d::1,AAAA,"['2001:500:110:201::47', '2001:500:4:201::47']",,
2024-11-14T21:24:12.498674,archive-it.org,2a0c:a9c7:8::1,AAAA,['2001::c710:9eb6'],,
2024-11-14T21:24:12.498674,arcticwolf.net,77.88.8.8,A,['146.148.100.16'],,
2024-11-14T21:24:12.498674,arin.net,2606:4700:4700::1111,AAAA,"['2001:500:4:201::47', '2001:500:110:201::47']",,
2024-11-14T21:24:12.498674,arcpublishing.com,211.136.17.107,A,"['3.165.82.84', '3.165.82.73', '3.165.82.48', '3.165.82.118']",,
2024-11-14T21:24:12.498674,argos.co.uk,223.6.6.6,A,"['23.52.40.73', '23.52.40.59']",,
2024-11-14T21:24:12.498674,archive-it.org,2606:4700:4700::1001,AAAA,['2a03:2880:f10e:83:face:b00c:0:25de'],,
2024-11-14T21:24:12.498674,archiveofourown.org,2400:3200:baba::1,AAAA,['2a03:2880:f130:83:face:b00c:0:25de'],,
2024-11-14T21:24:12.498674,arin.net,2620:fe::10,AAAA,"['2001:500:110:201::47', '2001:500:4:201::47']",,
2024-11-14T21:24:12.498674,arcpublishing.com,208.67.220.222,A,"['13.35.186.102', '13.35.186.109', '13.35.186.7', '13.35.186.56']",,
2024-11-14T21:24:12.498674,arin.net,1.1.1.1,A,"['192.136.136.47', '199.43.0.47']",,
2024-11-14T21:24:12.498674,archive-it.org,2620:119:53::53,AAAA,['2a03:2880:f12a:83:face:b00c:0:25de'],,
2024-11-14T21:24:12.498674,archiveofourown.org,2402:4e00::,AAAA,['2a03:2880:f117:83:face:b00c:0:25de'],,
2024-11-14T21:24:12.498674,arin.net,2620:0:ccd::2,AAAA,"['2001:500:110:201::47', '2001:500:4:201::47']",,
2024-11-14T21:24:12.498674,arcpublishing.com,123.125.81.7,A,[],Timeout,Timeout occurred for domain: arcpublishing.com on server: 123.125.81.7
2024-11-14T21:24:12.498674,arin.net,1.0.0.1,A,"['192.136.136.47', '199.43.0.47']",,
2024-11-14T21:24:12.498674,archive-it.org,2620:0:ccc::2,AAAA,['2a03:2880:f129:83:face:b00c:0:25de'],,
2024-11-14T21:24:12.498674,archiveofourown.org,2a10:50c0::ad2:ff,AAAA,['2a03:2880:f117:83:face:b00c:0:25de'],,
2024-11-14T21:24:12.498674,arin.net,2a10:50c0::ad1:ff,AAAA,"['2001:500:110:201::47', '2001:500:4:201::47']",,
2024-11-14T21:24:12.498674,arcpublishing.com,208.67.222.220,A,"['13.35.186.102', '13.35.186.109', '13.35.186.7', '13.35.186.56']",,
2024-11-14T21:24:12.498674,arin.net,8.8.8.8,A,"['192.136.136.47', '199.43.0.47']",,
2024-11-14T21:24:12.498674,archive-it.org,2a02:6b8::feed:0ff,AAAA,['2a03:2880:f11c:8083:face:b00c:0:25de'],,
2024-11-14T21:24:12.498674,archiveofourown.org,2400:3200::1,AAAA,['2a03:2880:f117:83:face:b00c:0:25de'],,
2024-11-14T21:24:12.498674,arin.net,2a0c:a9c7:8::1,AAAA,"['2001:500:110:201::47', '2001:500:4:201::47']",,
2024-11-14T21:24:12.498674,arcpublishing.com,117.50.11.11,A,"['3.165.82.118', '3.165.82.48', '3.165.82.73', '3.165.82.84']",,
2024-11-14T21:24:12.498674,arin.net,8.8.4.4,A,"['192.136.136.47', '199.43.0.47']",,
2024-11-14T21:24:12.498674,archive-it.org,2400:3200:baba::1,AAAA,['2a03:2880:f10f:83:face:b00c:0:25de'],,
2024-11-14T21:24:12.498674,archiveofourown.org,2620:119:53::53,AAAA,['2a03:2880:f10f:83:face:b00c:0:25de'],,
2024-11-14T21:24:12.498674,argos.co.uk,2402:4e00::,AAAA,[],NoAnswer,No answer for domain: argos.co.uk on server: 2402:4e00::
2024-11-14T21:24:12.498674,argos.co.uk,210.21.196.6,A,[],Timeout,Timeout occurred for domain: argos.co.uk on server: 210.21.196.6
2024-11-14T21:24:12.498674,argos.co.uk,202.96.128.86,A,[],Timeout,Timeout occurred for domain: argos.co.uk on server: 202.96.128.86
2024-11-14T21:24:12.498674,archiveofourown.org,2620:0:ccc::2,AAAA,['2a03:2880:f111:83:face:b00c:0:25de'],,
2024-11-14T21:24:12.498674,argos.co.uk,2400:3200:baba::1,AAAA,[],NoAnswer,No answer for domain: argos.co.uk on server: 2400:3200:baba::1
2024-11-14T21:24:12.498674,arcpublishing.com,119.29.29.29,A,"['3.165.82.73', '3.165.82.84', '3.165.82.48', '3.165.82.118']",,
2024-11-14T21:24:12.498674,archives.gov,2001:4860:4860::8888,AAAA,"['2600:1f18:43e8:f301:9046:c05f:75e7:c481', '2600:1f18:43e8:f302:b470:d266:4d03:3ed8']",,
2024-11-14T21:24:12.498674,arcpublishing.com,218.30.118.6,A,"['3.165.82.73', '3.165.82.118', '3.165.82.84', '3.165.82.48']",,
2024-11-14T21:24:12.498674,arin.net,9.9.9.9,A,[],Timeout,Timeout occurred for domain: arin.net on server: 9.9.9.9
2024-11-14T21:24:12.498674,arin.net,2001:4860:4860::8844,AAAA,"['2001:500:4:201::47', '2001:500:110:201::47']",,
2024-11-14T21:24:12.498674,archives.gov,2001:6d0:d6::2001,AAAA,"['2600:1f18:43e8:f302:b470:d266:4d03:3ed8', '2600:1f18:43e8:f301:9046:c05f:75e7:c481']",,
2024-11-14T21:24:12.498674,argos.co.uk,211.136.17.107,A,"['184.51.102.58', '184.51.102.40']",,
2024-11-14T21:24:12.498674,archive-it.org,2620:fe::10,AAAA,['2a03:2880:f130:83:face:b00c:0:25de'],,
2024-11-14T21:24:12.498674,arcpublishing.com,180.76.76.76,A,"['13.35.186.56', '13.35.186.102', '13.35.186.109', '13.35.186.7']",,
2024-11-14T21:24:12.498674,archiveofourown.org,2400:da00::6666,AAAA,[],Timeout,Timeout occurred for domain: archiveofourown.org on server: 2400:da00::6666
2024-11-14T21:24:12.498674,arcpublishing.com,94.140.14.14,A,"['18.67.51.13', '18.67.51.70', '18.67.51.78', '18.67.51.103']",,
2024-11-14T21:24:12.498674,archives.gov,2001:6d0:6d0::2001,AAAA,"['2600:1f18:43e8:f302:b470:d266:4d03:3ed8', '2600:1f18:43e8:f301:9046:c05f:75e7:c481']",,
2024-11-14T21:24:12.498674,archive.is,2606:4700:4700::1001,AAAA,['2001::c760:3ab1'],,
2024-11-14T21:24:12.498674,archiveofourown.org,2620:0:ccd::2,AAAA,['2001::d065:152b'],,
2024-11-14T21:24:12.498674,arin.net,2606:4700:4700::1001,AAAA,"['2001:500:4:201::47', '2001:500:110:201::47']",,
2024-11-14T21:24:12.498674,arcpublishing.com,94.140.15.15,A,"['18.67.51.13', '18.67.51.70', '18.67.51.78', '18.67.51.103']",,
2024-11-14T21:24:12.498674,argos.co.uk,114.114.115.115,A,"['23.219.172.166', '23.219.172.223']",,
2024-11-14T21:24:12.498674,archive-it.org,2a03:90c0:9992::1,AAAA,['2a03:2880:f136:83:face:b00c:0:25de'],,
2024-11-14T21:24:12.498674,archiveofourown.org,2a10:50c0::ad1:ff,AAAA,['2a03:2880:f102:183:face:b00c:0:25de'],,
2024-11-14T21:24:12.498674,arin.net,2001:4860:4860::8888,AAAA,"['2001:500:110:201::47', '2001:500:4:201::47']",,
2024-11-14T21:24:12.498674,archive.is,211.136.17.107,A,['31.13.94.37'],,
2024-11-14T21:24:12.498674,arcticwolf.net,195.208.5.1,A,['146.148.100.16'],,
2024-11-14T21:24:12.498674,arcpublishing.com,202.96.128.86,A,[],Timeout,Timeout occurred for domain: arcpublishing.com on server: 202.96.128.86
2024-11-14T21:24:12.498674,arcpublishing.com,210.21.196.6,A,[],Timeout,Timeout occurred for domain: arcpublishing.com on server: 210.21.196.6
2024-11-14T21:24:12.498674,archive.org,95.85.95.85,A,['108.160.167.158'],,
2024-11-14T21:24:12.498674,argos.co.uk,123.125.81.7,A,[],Timeout,Timeout occurred for domain: argos.co.uk on server: 123.125.81.7
2024-11-14T21:24:12.498674,arizona-rp.com,119.29.29.29,A,['87.251.65.15'],,
2024-11-14T21:24:12.498674,arizona-rp.com,2a02:6b8::feed:0ff,AAAA,[],NoAnswer,No answer for domain: arizona-rp.com on server: 2a02:6b8::feed:0ff
2024-11-14T21:24:12.498674,archive.org,2.56.220.2,A,['199.96.61.1'],,
2024-11-14T21:24:12.498674,arcticwolf.net,223.5.5.5,A,['146.148.100.16'],,
2024-11-14T21:24:12.498674,argos.co.uk,101.226.4.7,A,[],Timeout,Timeout occurred for domain: argos.co.uk on server: 101.226.4.7
2024-11-14T21:24:12.498674,arcticwolf.net,223.6.6.6,A,['146.148.100.16'],,
2024-11-14T21:24:12.498674,arizona-rp.com,180.76.76.76,A,['87.251.65.15'],,
2024-11-14T21:24:12.498674,arizona-rp.com,114.114.114.114,A,['87.251.65.15'],,
2024-11-14T21:24:12.498674,archive.org,1.0.0.1,A,['157.240.8.50'],,
2024-11-14T21:24:12.498674,arizona-rp.com,114.114.115.115,A,['87.251.65.15'],,
2024-11-14T21:24:12.498674,arcticwolf.net,114.114.114.114,A,['146.148.100.16'],,
2024-11-14T21:24:12.498674,archive.is,117.50.11.11,A,['199.59.148.20'],,
2024-11-14T21:24:12.498674,arcticwolf.net,114.114.115.115,A,['146.148.100.16'],,
2024-11-14T21:24:12.498674,arizona-rp.com,2a0c:a9c7:9::1,AAAA,[],NoAnswer,No answer for domain: arizona-rp.com on server: 2a0c:a9c7:9::1
2024-11-14T21:24:12.498674,arizona-rp.com,223.5.5.5,A,['87.251.65.15'],,
2024-11-14T21:24:12.499675,arizona-rp.com,2a0c:a9c7:8::1,AAAA,[],NoAnswer,No answer for domain: arizona-rp.com on server: 2a0c:a9c7:8::1
2024-11-14T21:24:12.499675,arcticwolf.net,123.125.81.6,A,['146.148.100.16'],,
2024-11-14T21:24:12.499675,arizona-rp.com,223.6.6.6,A,['87.251.65.15'],,
2024-11-14T21:24:12.499675,arizona-rp.com,2001:6d0:6d0::2001,AAAA,[],NoAnswer,No answer for domain: arizona-rp.com on server: 2001:6d0:6d0::2001
2024-11-14T21:24:12.499675,archive.is,218.30.118.6,A,['31.13.73.9'],,
2024-11-14T21:24:12.499675,argos.co.uk,117.50.11.11,A,"['23.219.172.166', '23.219.172.223']",,
2024-11-14T21:24:12.499675,arizona-rp.com,208.67.222.222,A,['87.251.65.15'],,
2024-11-14T21:24:12.499675,archive-it.org,2400:da00::6666,AAAA,[],Timeout,Timeout occurred for domain: archive-it.org on server: 2400:da00::6666
2024-11-14T21:24:12.499675,argos.co.uk,2400:da00::6666,AAAA,[],Timeout,Timeout occurred for domain: argos.co.uk on server: 2400:da00::6666
2024-11-14T21:24:12.499675,arcticwolf.net,211.136.17.107,A,['146.148.100.16'],,
2024-11-14T21:24:12.499675,arizona-rp.com,208.67.220.220,A,['87.251.65.15'],,
2024-11-14T21:24:12.499675,arizona-rp.com,2a10:50c0::ad1:ff,AAAA,[],NoAnswer,No answer for domain: arizona-rp.com on server: 2a10:50c0::ad1:ff
2024-11-14T21:24:12.499675,archive.org,195.208.5.1,A,['184.72.1.148'],,
2024-11-14T21:24:12.499675,arizona-rp.com,202.96.128.86,A,[],Timeout,Timeout occurred for domain: arizona-rp.com on server: 202.96.128.86
2024-11-14T21:24:12.499675,arcticwolf.net,117.50.11.11,A,['146.148.100.16'],,
2024-11-14T21:24:12.499675,arizona-rp.com,94.140.14.14,A,['87.251.65.15'],,
2024-11-14T21:24:12.499675,arizona-rp.com,2a02:6b8:0:1::feed:0ff,AAAA,[],NoAnswer,No answer for domain: arizona-rp.com on server: 2a02:6b8:0:1::feed:0ff
2024-11-14T21:24:12.499675,arizona-rp.com,2a03:90c0:9992::1,AAAA,[],NoAnswer,No answer for domain: arizona-rp.com on server: 2a03:90c0:9992::1
2024-11-14T21:24:12.499675,arizona-rp.com,94.140.15.15,A,['87.251.65.15'],,
2024-11-14T21:24:12.499675,arizona-rp.com,2a03:90c0:999d::1,AAAA,[],NoAnswer,No answer for domain: arizona-rp.com on server: 2a03:90c0:999d::1
2024-11-14T21:24:12.499675,archive.is,180.76.76.76,A,['108.160.170.41'],,
2024-11-14T21:24:12.499675,arcticwolf.net,218.30.118.6,A,['146.148.100.16'],,
2024-11-14T21:24:12.499675,arizona-rp.com,208.67.222.220,A,['87.251.65.15'],,
2024-11-14T21:24:12.499675,arcticwolf.net,9.9.9.9,A,[],Timeout,Timeout occurred for domain: arcticwolf.net on server: 9.9.9.9
2024-11-14T21:24:12.499675,arcticwolf.net,94.140.15.15,A,['146.148.100.16'],,
2024-11-14T21:24:12.499675,arizona-rp.com,208.67.220.222,A,['87.251.65.15'],,
2024-11-14T21:24:12.499675,arizona-rp.com,2001:6d0:d6::2001,AAAA,[],NoAnswer,No answer for domain: arizona-rp.com on server: 2001:6d0:d6::2001
2024-11-14T21:24:12.499675,archive.is,223.6.6.6,A,['31.13.80.37'],,
2024-11-14T21:24:12.499675,arizona-rp.com,77.88.8.1,A,['87.251.65.15'],,
2024-11-14T21:24:12.499675,archive.is,119.29.29.29,A,['31.13.94.10'],,
2024-11-14T21:24:12.499675,arcticwolf.net,180.76.76.76,A,['146.148.100.16'],,
2024-11-14T21:24:12.499675,arizona-rp.com,62.76.76.62,A,['87.251.65.15'],,
2024-11-14T21:24:12.499675,arizona-rp.com,2400:3200:baba::1,AAAA,[],NoAnswer,No answer for domain: arizona-rp.com on server: 2400:3200:baba::1
2024-11-14T21:24:12.499675,archive.org,77.88.8.1,A,['31.13.94.7'],,
2024-11-14T21:24:12.499675,arizona-rp.com,9.9.9.10,A,['87.251.65.15'],,
2024-11-14T21:24:12.499675,arizona-rp.com,2402:4e00::,AAAA,[],NoAnswer,No answer for domain: arizona-rp.com on server: 2402:4e00::
2024-11-14T21:24:12.499675,archive.org,195.208.4.1,A,['31.13.96.208'],,
2024-11-14T21:24:12.499675,arcticwolf.net,94.140.14.14,A,['146.148.100.16'],,
2024-11-14T21:24:12.499675,archive.is,210.21.196.6,A,[],Timeout,Timeout occurred for domain: archive.is on server: 210.21.196.6
2024-11-14T21:24:12.499675,arizona-rp.com,2a10:50c0::ad2:ff,AAAA,[],NoAnswer,No answer for domain: arizona-rp.com on server: 2a10:50c0::ad2:ff
2024-11-14T21:24:12.499675,archive.org,62.76.76.62,A,['108.160.166.42'],,
2024-11-14T21:24:12.499675,arizona-rp.com,218.30.118.6,A,['87.251.65.15'],,
2024-11-14T21:24:12.499675,arizona-rp.com,2400:3200::1,AAAA,[],NoAnswer,No answer for domain: arizona-rp.com on server: 2400:3200::1
2024-11-14T21:24:12.499675,archive.org,62.76.62.76,A,['108.160.167.30'],,
2024-11-14T21:24:12.499675,archive.is,123.125.81.7,A,[],Timeout,Timeout occurred for domain: archive.is on server: 123.125.81.7
2024-11-14T21:24:12.499675,arizona-rp.com,2606:4700:4700::1111,AAAA,[],NoAnswer,No answer for domain: arizona-rp.com on server: 2606:4700:4700::1111
2024-11-14T21:24:12.499675,archive.is,94.140.14.14,A,['208.77.47.172'],,
2024-11-14T21:24:12.499675,arizona-rp.com,195.208.5.1,A,['87.251.65.15'],,
2024-11-14T21:24:12.499675,arizona-rp.com,2606:4700:4700::1001,AAAA,[],NoAnswer,No answer for domain: arizona-rp.com on server: 2606:4700:4700::1001
2024-11-14T21:24:12.499675,archive.is,114.114.114.114,A,['108.160.173.207'],,
2024-11-14T21:24:12.499675,archive.org,9.9.9.9,A,[],Timeout,Timeout occurred for domain: archive.org on server: 9.9.9.9
2024-11-14T21:24:12.499675,arcticwolf.net,210.21.196.6,A,[],Timeout,Timeout occurred for domain: arcticwolf.net on server: 210.21.196.6
2024-11-14T21:24:12.499675,archive.is,114.114.115.115,A,['108.160.173.207'],,
2024-11-14T21:24:12.499675,arizona-rp.com,2620:0:ccc::2,AAAA,[],NoAnswer,No answer for domain: arizona-rp.com on server: 2620:0:ccc::2
2024-11-14T21:24:12.499675,arizona-rp.com,2620:0:ccd::2,AAAA,[],NoAnswer,No answer for domain: arizona-rp.com on server: 2620:0:ccd::2
2024-11-14T21:24:12.499675,archive.is,223.5.5.5,A,['108.160.167.148'],,
2024-11-14T21:24:12.499675,arizona-rp.com,62.76.62.76,A,['87.251.65.15'],,
2024-11-14T21:24:12.499675,arizona-rp.com,195.208.4.1,A,['87.251.65.15'],,
2024-11-14T21:24:12.499675,arcticwolf.net,208.67.220.222,A,['146.148.100.16'],,
2024-11-14T21:24:12.499675,arizona-rp.com,2.56.220.2,A,['87.251.65.15'],,
2024-11-14T21:24:12.499675,arizona-rp.com,2001:4860:4860::8844,AAAA,[],NoAnswer,No answer for domain: arizona-rp.com on server: 2001:4860:4860::8844
2024-11-14T21:24:12.499675,archive.org,77.88.8.8,A,['50.87.93.246'],,
2024-11-14T21:24:12.499675,arcticwolf.net,208.67.220.220,A,['146.148.100.16'],,
2024-11-14T21:24:12.499675,arizona-rp.com,77.88.8.8,A,['87.251.65.15'],,
2024-11-14T21:24:12.499675,archive.org,1.1.1.1,A,['157.240.17.35'],,
2024-11-14T21:24:12.499675,arcticwolf.net,208.67.222.220,A,['146.148.100.16'],,
2024-11-14T21:24:12.499675,arizona-rp.com,101.226.4.6,A,['87.251.65.15'],,
2024-11-14T21:24:12.499675,arizona-rp.com,2001:4860:4860::8888,AAAA,[],NoAnswer,No answer for domain: arizona-rp.com on server: 2001:4860:4860::8888
2024-11-14T21:24:12.499675,archive.is,202.96.128.86,A,[],Timeout,Timeout occurred for domain: archive.is on server: 202.96.128.86
2024-11-14T21:24:12.499675,arcticwolf.net,202.96.128.86,A,[],Timeout,Timeout occurred for domain: arcticwolf.net on server: 202.96.128.86
2024-11-14T21:24:12.499675,arizona-rp.com,2620:119:53::53,AAAA,[],NoAnswer,No answer for domain: arizona-rp.com on server: 2620:119:53::53
2024-11-14T21:24:12.499675,arcticwolf.net,9.9.9.10,A,['146.148.100.16'],,
2024-11-14T21:24:12.499675,arcticwolf.net,208.67.222.222,A,['146.148.100.16'],,
2024-11-14T21:24:12.499675,arizona-rp.com,2400:da00::6666,AAAA,[],Timeout,Timeout occurred for domain: arizona-rp.com on server: 2400:da00::6666
2024-11-14T21:24:12.499675,arizona-rp.com,2620:119:35::35,AAAA,[],NoAnswer,No answer for domain: arizona-rp.com on server: 2620:119:35::35
2024-11-14T21:24:12.499675,archive.org,8.8.8.8,A,['66.220.146.94'],,
2024-11-14T21:24:12.499675,arizona-rp.com,123.125.81.6,A,['87.251.65.15'],,
2024-11-14T21:24:12.499675,arizona-rp.com,2620:fe::fe,AAAA,[],NoAnswer,No answer for domain: arizona-rp.com on server: 2620:fe::fe
2024-11-14T21:24:12.499675,archive.is,94.140.15.15,A,['202.160.129.164'],,
2024-11-14T21:24:12.499675,arizona-rp.com,211.136.17.107,A,['87.251.65.15'],,
2024-11-14T21:24:12.499675,arizona-rp.com,2620:fe::10,AAAA,[],NoAnswer,No answer for domain: arizona-rp.com on server: 2620:fe::10
2024-11-14T21:24:12.499675,archive.org,8.8.4.4,A,['103.214.168.106'],,
2024-11-14T21:24:12.499675,arcticwolf.net,119.29.29.29,A,['146.148.100.16'],,
2024-11-14T21:24:12.499675,arizona-rp.com,210.21.196.6,A,[],Timeout,Timeout occurred for domain: arizona-rp.com on server: 210.21.196.6
2024-11-14T21:24:12.499675,archive.is,101.226.4.6,A,['128.242.240.93'],,
2024-11-14T21:24:12.499675,arizona-rp.com,9.9.9.9,A,[],Timeout,Timeout occurred for domain: arizona-rp.com on server: 9.9.9.9
2024-11-14T21:24:12.499675,archive.is,123.125.81.6,A,['128.242.240.93'],,
2024-11-14T21:24:12.499675,arizona-rp.com,123.125.81.7,A,[],Timeout,Timeout occurred for domain: arizona-rp.com on server: 123.125.81.7
2024-11-14T21:24:12.499675,arizona-rp.com,117.50.11.11,A,['87.251.65.15'],,
2024-11-14T21:24:12.499675,archive.is,101.226.4.7,A,[],Timeout,Timeout occurred for domain: archive.is on server: 101.226.4.7
